모범음식점 지정명단(반기보고),,,,,,,,,
,,,,,,,,,
연번,반기,시도,시군구,업태,주메뉴,업소명,주소,전화번호 ,비고
,,,,,,,,,
1,,제주특별자치도,제주시,한식,뷔페,(주)마마뷔페,"제주특별자치도 제주시 원노형로 54, 2층 (노형동)",064-711-5335,
2,,제주특별자치도,제주시,회집,생선회,(주)삼다도횟집,제주특별자치도 제주시 서해안로 572 (용담삼동),064-711-7080,
3,,제주특별자치도,제주시,한식,뼈다귀탕,24시뼈다귀탕삼화점,"제주특별자치도 제주시 일주동로 222, 1층 (화북일동)", 064- 722-6661,
4,,제주특별자치도,제주시,한식,행장국,24시전주콩나물해장국화북점,"제주특별자치도 제주시 동화로 74, 1층 (화북이동)",064-757-8111,
5,,제주특별자치도,제주시,한식,,가리본가광양점,제주특별자치도 제주시 서사로19길 42 (삼도일동), 064- 711-7448,
6,,제주특별자치도,제주시,한식,육개장,가품아라점,"제주특별자치도 제주시 중앙로 537, 1층 (아라일동)",064-722-6910,
7,,제주특별자치도,제주시,한식,흑돼지갈비,갈비명가제주본점,"제주특별자치도 제주시 건주로3길 11, 1층 (도련일동)",064-721-9992,
8,,제주특별자치도,제주시,식육(숯불구이),"돼지갈비, 오겹살, 등심",감나무집,제주특별자치도 제주시 오남로 12 (오라일동), 064- 722-8292,
9,,제주특별자치도,제주시,한식,오겹살,갑도니,"제주특별자치도 제주시 광양14길 14, 1층 (이도이동)",064-752-9288,
10,,제주특별자치도,제주시,한식,"해장국, 돈까스",강숙수부뚜막,"제주특별자치도 제주시 진남로4길 8-9, 1층 (화북일동)", 064- 755-3500,
11,,제주특별자치도,제주시,한식,한정식,거부,제주특별자치도 제주시 제원4길 3 (연동),064-0744-4116,
12,,제주특별자치도,제주시,식육(숯불구이),흑돼지구이,고기왕,제주특별자치도 제주시 일주서로 7329-3 (외도이동),064-0711-8577,
13,,제주특별자치도,제주시,경양식,,고담2015신제주점,"제주특별자치도 제주시 노연로 43, 2층 (노형동, 외1필지)", 064- 711-5363,
14,,제주특별자치도,제주시,식육(숯불구이),"돼지고기, 쇠고기",고려회관,제주특별자치도 제주시 서광로29길 12 (이도일동),064-0755-2456,
15,,제주특별자치도,제주시,한식,,고집돌우럭제주공항점,제주특별자치도 제주시 임항로 30 (건입동), 064- 758-2531,
16,,제주특별자치도,제주시,식육(숯불구이),,광평도새기촌본점,"제주특별자치도 제주시 중앙로 360, 1층 (이도이동)",,
17,,제주특별자치도,제주시,한식,,교래손칼국수,제주특별자치도 제주시 조천읍 비자림로 645, 064- 782-9870,
18,,제주특별자치도,제주시,한식,족발,군족,"제주특별자치도 제주시 동화로 74, 1층 (화북이동)", 064- 721-8977,
19,,제주특별자치도,제주시,한식,샤브샤브,궁한스샤브샤브신제주점,"제주특별자치도 제주시 사장길 38, 2층 (연동)", 064- 742-8989,
20,,제주특별자치도,제주시,한식,,궁한스샤브외도점,제주특별자치도 제주시 우정로12길 1 (외도일동),064-0713-3197,
21,,제주특별자치도,제주시,회집,,금보,제주특별자치도 제주시 서부두길 14 (건입동), 064- 753-0926,
22,,제주특별자치도,제주시,중국식,황궁쟁반자장면,길림성,"제주특별자치도 제주시 남성로 37, 1층 (용담일동)", 064- 724-6660,
23,,제주특별자치도,제주시,한식,굴국밥,김명자굴국밥,제주특별자치도 제주시 연북로 168 (연동), 064- 747-0320,
24,,제주특별자치도,제주시,일식,"생선회, 지리",김용복참치,제주특별자치도 제주시 과원북4길 9 (노형동),064-711-1244,
25,,제주특별자치도,제주시,식육(숯불구이),백반,꽃가마,제주특별자치도 제주시 신산로 97 (일도이동), 064- 755-6454,
26,,제주특별자치도,제주시,한식,,꽃마름삼화점,"제주특별자치도 제주시 화삼로 21, 2층 (화북일동)",064-757-0505,
27,,제주특별자치도,제주시,식육(숯불구이),샤브샤브,꽃마름제주이도점,"제주특별자치도 제주시 승천로 73, 3층 (아라이동)", 064- 725-4933,
28,,제주특별자치도,제주시,한식,쇠고기전문,남녕갈비,제주특별자치도 제주시 남녕로 25 (노형동), 064- 743-3000,
29,,제주특별자치도,제주시,회집,"생선회, 갈치조림",남또리,제주특별자치도 제주시 애월읍 애월해안로 384, 064- 799-1711,
30,,제주특별자치도,제주시,한식,"쌈밥, 야채비빔밥",낭뜰에쉼팡,제주특별자치도 제주시 조천읍 남조로 2343,064-0784-9292,
31,,제주특별자치도,제주시,한식,소고기해장국,내고향해장국,제주특별자치도 제주시 월랑로4길 14 (노형동), 064- 744-9009,
32,,제주특별자치도,제주시,한식,흑돼지,노형늘봄,제주특별자치도 제주시 한라대학로 12 (노형동),064 -744 -9001,
33,,제주특별자치도,제주시,식육(숯불구이),"양구이, 쇠갈비",노형순창,제주특별자치도 제주시 진군3길 1 (노형동), 064- 743-6468,
34,,제주특별자치도,제주시,한식,보쌈,놀부부대찌개철판구이신제주점,"제주특별자치도 제주시 도령로 39, 2층 (노형동)", 064- 742-5382,
35,,제주특별자치도,제주시,식육(숯불구이),한우구이,다원우,"제주특별자치도 제주시 우령6길 75-1, 2층 (외도일동)", 064- 712-4710,
36,,제주특별자치도,제주시,한식,꽃게정식,달맞이신대로점,"제주특별자치도 제주시 신대로6길 13, 1층 (연동)", 064- 742-7766,
37,,제주특별자치도,제주시,식육(숯불구이),"냉면, 갈비탕",대광,"제주특별자치도 제주시 중앙로23길 9, 1층 (이도일동)",064-784-0975,
38,,제주특별자치도,제주시,한식,,대성아귀찜,"제주특별자치도 제주시 조천읍 함덕3길 4, 1층", 064- 784-0975,
39,,제주특별자치도,제주시,한식,생선회,대어,"제주특별자치도 제주시 용해로 17 (용담삼동, 나동)",064-747-7899,
40,,제주특별자치도,제주시,한식,곰탕,대연정,제주특별자치도 제주시 우정로8길 8 (외도일동),,
41,,제주특별자치도,제주시,한식,활전복해물탕,대원가,"제주특별자치도 제주시 도남로16길 15, 101호 (도남동,재영샤르빌)",064-0753-3030,
42,,제주특별자치도,제주시,식육(숯불구이),,대자연가든,제주특별자치도 제주시 조천읍 신북로 618, 064- 783-6969,
43,,제주특별자치도,제주시,회집,,대진,제주특별자치도 제주시 서부두길 16 (건입동), 064- 758-7017,
44,,제주특별자치도,제주시,회집,,대풍미락,제주특별자치도 제주시 조천읍 조함해안로 446, 064- 784-8100,
45,,제주특별자치도,제주시,뷔페식,꽃게짬뽕,덕성원삼화점,"제주특별자치도 제주시 건주로4길 6-4, 2층 (도련일동)",064-727-2402,
46,,제주특별자치도,제주시,한식,,덤장,제주특별자치도 제주시 용문로 48 (용담이동), 064- 713-0550,
47,,제주특별자치도,제주시,한식,,덤장삼계탕,"제주특별자치도 제주시 서해안로 500, 1~2층 (용담삼동)", 064- 743-0991,
48,,제주특별자치도,제주시,까페,,델문도,"제주특별자치도 제주시 조천읍 조함해안로 519-10, 1층",064-749-9493,
49,,제주특별자치도,제주시,식육(숯불구이),"돼지고기, 황소한마리",도남오거리외도점,제주특별자치도 제주시 우정로7길 26-3 (외도일동), 064- 743-9255,
50,,제주특별자치도,제주시,경양식,,도다모,"제주특별자치도 제주시 신설로11길 5, 1층 (아라이동)", 064- 752-5525,
51,,제주특별자치도,제주시,회집,생선회,도두,제주특별자치도 제주시 도두3길 48 (도두일동),064-746-1510,
52,,제주특별자치도,제주시,한식,"갈치국, 자리물회, 조림",도라지,제주특별자치도 제주시 연삼로 128 (오라삼동), 064- 722-3142,
53,,제주특별자치도,제주시,한식,,도래지,제주특별자치도 제주시 구좌읍 세화1길 27, 064- 784-3340,
54,,제주특별자치도,제주시,한식,,도치돌가든,제주특별자치도 제주시 애월읍 천덕로 440-1,064-799-1415,
55,,제주특별자치도,제주시,식육(숯불구이),흑돼지구이,돈돈촌,"제주특별자치도 제주시 천수동로 53, 1~2층 (건입동)",064-0723-5892,
56,,제주특별자치도,제주시,한식,해장국,돈마구이해장국,"제주특별자치도 제주시 삼동길 60, 1층 (연동)", 064- 744-4002,
57,,제주특별자치도,제주시,한식,,돈모리회관,"제주특별자치도 제주시 도남로 142, 2층 (이도이동, 범아빌딩)",064-0727-3434,
58,,제주특별자치도,제주시,한식,,돈모밀,제주특별자치도 제주시 오라로 124 (오라일동), 064- 725-0889,
59,,제주특별자치도,제주시,한식,돼지갈비,돈풍년,"제주특별자치도 제주시 승천로 52, 1층 (아라이동)",064 -713 -5252,
60,,제주특별자치도,제주시,식육(숯불구이),흑돼지 삼겹살,돈향기,제주특별자치도 제주시 관덕로15길 30 (건입동), 064- 724-0228,
61,,제주특별자치도,제주시,한식,"덜미살,등갈비소차돌된장찌개",돈황제,"제주특별자치도 제주시 애월읍 하귀동남1길 32-1, 1층",,
62,,제주특별자치도,제주시,식육(숯불구이),"삼겹살, 목살",돔베돈,제주특별자치도 제주시 관덕로15길 25 (건입동),064-753-0008,
63,,제주특별자치도,제주시,한식,추어탕,동이트는집신산점,제주특별자치도 제주시 신산로 69-1 (일도이동),,
64,,제주특별자치도,제주시,한식,추어탕,동이트는집신제주점,제주특별자치도 제주시 연동9길 13 (연동), 064- 758-2309,
65,,제주특별자치도,제주시,일식,뷔페,두끼떡볶이제주노형점,"제주특별자치도 제주시 연북로 48, 203호 (노형동)",064-711-2771,
66,,제주특별자치도,제주시,한식,샤브샤브,드렁몰라도새기샤브마을,"제주특별자치도 제주시 달마루길 22, 1~2층 (노형동)", 064- 772-8000,
67,,제주특별자치도,제주시,뷔페식,,땅꼬,"제주특별자치도 제주시 조천읍 조천18길 50-9, 1층", 064- 783-1080,
68,,제주특별자치도,제주시,중국식,자장면,래원,제주특별자치도 제주시 과원북4길 3 (노형동),064 -711 -8234,
69,,제주특별자치도,제주시,경양식,파스타,로니로티제주점,"제주특별자치도 제주시 고마로 115, 2층 (일도이동)", 064-0756-1700,
70,,제주특별자치도,제주시,기타,돼지구이,로또돼지,"제주특별자치도 제주시 용담로 16, 2~3층 (용담이동)",,
71,,제주특별자치도,제주시,경양식,,루스트플레이스베라체점,제주특별자치도 제주시 승천로 73 (아라이동), 064- 755-9004,
72,,제주특별자치도,제주시,경양식,"파스타,볶음밥",루스트플레이스제원점,"제주특별자치도 제주시 노연로 118-1, 2층 (연동, 미도스카이빌)",064-0747-9004,
73,,제주특별자치도,제주시,식육(숯불구이),,마리조아,"제주특별자치도 제주시 삼봉로 99, 1층 (도련일동)", 064- 756-5257,
74,,제주특별자치도,제주시,한식,정식,만배성,"제주특별자치도 제주시 아연로 484-9, 1~2층 (아라일동)", 064- 712-6800,
75,,제주특별자치도,제주시,복어취급,복어요리,만부정,제주특별자치도 제주시 사장길 38 (연동),0064-0743-1119,
76,,제주특별자치도,제주시,한식,"장어구이, 장어정식",만옥,제주특별자치도 제주시 중앙로2길 1 (건입동),064-0751-1443,
77,,제주특별자치도,제주시,한식,민물장어,만운성,제주특별자치도 제주시 과원북4길 93 (연동), 064- 747-5797,
78,,제주특별자치도,제주시,식육(숯불구이),"말고기, 흑돼지",말이랑흑도새기랑,제주특별자치도 제주시 축산마을북길 1 (노형동), 064- 744-7031,
79,,제주특별자치도,제주시,한식,양념갈비,맛있는소리,"제주특별자치도 제주시 진동로 6, 1층 (화북일동)",064-758-9298,
80,,제주특별자치도,제주시,한식,,명가부대찌개이도점,제주특별자치도 제주시 연북로 599 (이도이동),064-0759-0058,
81,,제주특별자치도,제주시,한식,장어구이,명가천지연무태장어,"제주특별자치도 제주시 아연로 438-22, 1층 (오등동)", 064- 747-8300,
82,,제주특별자치도,제주시,한식,"쥐치조림, 고등어, 갈치조림",명물,"제주특별자치도 제주시 탑동로11길 2-1, 1~2층 (삼도이동)", 064- 723-5233,
83,,제주특별자치도,제주시,한식,국수,명품국수네집,"제주특별자치도 제주시 삼성로 57, 1층 (일도이동)", 064- 723-5950,
84,,제주특별자치도,제주시,한식,웰빙보양칼국수,모메존,제주특별자치도 제주시 도두3길 17 (도두일동), 017- 693-1275,
85,,제주특별자치도,제주시,한식,해장국,모이세본점,"제주특별자치도 제주시 연북로 221, 1층 (오라이동)",,
86,,제주특별자치도,제주시,한식,해장국,모이세해장국노형점,"제주특별자치도 제주시 월랑로 61, 1층 (노형동)",064-745-5253,
87,,제주특별자치도,제주시,한식,"제주밥상,들깨칼국수",문동일셰프녹차고을,"제주특별자치도 제주시 애월읍 하귀동남4길 13-1, 1층",064-712-1780,
88,,제주특별자치도,제주시,한식,,물항식당본점,제주특별자치도 제주시 임항로 37-4 (건입동), 064-755 -2731,
89,,제주특별자치도,제주시,한식,"성게국, 전골",미래컨벤션라메르,제주특별자치도 제주시 남성로 75 (용담일동), 064- 751-3838,
90,,제주특별자치도,제주시,한식,,미미설렁탕연북로점,"제주특별자치도 제주시 연북로 201, 2층 (오라이동)", 064- 720-9696,
91,,제주특별자치도,제주시,한식,장어구이,미선주물럭,제주특별자치도 제주시 과원북4길 89 (연동),,
92,,제주특별자치도,제주시,한식,쇠고기해장국,미원,제주특별자치도 제주시 원노형6길 10 (노형동), 064- 742-1289,
93,,제주특별자치도,제주시,한식,,미풍해장국아라점,"제주특별자치도 제주시 아란7길 26, 1층 (아라일동)",064-751-0099,
94,,제주특별자치도,제주시,기타,돈까스,밀라네사,"제주특별자치도 제주시 매촌2길 78, 1층 (도련일동)",,
95,,제주특별자치도,제주시,한식,"갈치조림, 물회",바다예찬,"제주특별자치도 제주시 귀아랑길 26, 1층 (연동)", 064- 749-0092,
96,,제주특별자치도,제주시,한식,갈치조림,바다잔치,제주특별자치도 제주시 탑동로 79 (삼도이동), 064- 702-8989,
97,,제주특별자치도,제주시,회집,,바다풍경,제주특별자치도 제주시 서해안로 654 (용담삼동),064-0711-7992,
98,,제주특별자치도,제주시,회집,"갈치,고등어어조림, 뚝배기",바당동네,제주특별자치도 제주시 월성로 26 (용담이동), 064- 743-0330,
99,,제주특별자치도,제주시,한식,해물탕,반딧불한담,"제주특별자치도 제주시 애월읍 애월로1길 24-11, 1층",,
100,,제주특별자치도,제주시,한식,"비빔밥, 녹차들깨수제비",밥이보약,제주특별자치도 제주시 도령로 11 (노형동), 064- 744-7782,
101,,제주특별자치도,제주시,뷔페식,"한정식,구이",별오름노형점,"제주특별자치도 제주시 1100로 3213-27, B201호 (노형동)",064-745-9289,
102,,제주특별자치도,제주시,한식,우삼겹,본가제주아라점,"제주특별자치도 제주시 간월동로 6, 1층 (아라이동)", 064- 727-9006,
103,,제주특별자치도,제주시,한식,우삼겹,본가제주연동점,제주특별자치도 제주시 연북로 86 (연동), 064- 747-9966,
104,,제주특별자치도,제주시,한식,,봉평메밀촌,"제주특별자치도 제주시 남광북5길 12, 101호 (이도이동)",064-752-8839,
105,,제주특별자치도,제주시,탕류(보신용),"한우등심, 흑돼지, 삼계탕",비원,제주특별자치도 제주시 수목원길 3-1 (노형동), 064- 744-1919,
106,,제주특별자치도,제주시,한식,삼계탕,사계향,제주특별자치도 제주시 서광로 98 (오라삼동), 064- 743-1118,
107,,제주특별자치도,제주시,한식,해물탕,사랑담은해물,"제주특별자치도 제주시 신대로6길 29, 101호 (연동, 우성빌라)", 064-747 -0052,
108,,제주특별자치도,제주시,회집,"활어회, 고등어회",사형제,"제주특별자치도 제주시 한림읍 한림상로 273, 1층", 064- 796-8709,
109,,제주특별자치도,제주시,한식,"갈치회, 고등어회, 성게국, 갈치국, 조림류",산지로,제주특별자치도 제주시 정존15길 27 (노형동), 064- 747-1889,
110,,제주특별자치도,제주시,한식,"조림, 물회",산지물신제주점,제주특별자치도 제주시 신대로10길 53 (연동), 064- 721-5659,
111,,제주특별자치도,제주시,식육(숯불구이),돼지갈비,삼다향,제주특별자치도 제주시 일주동로 242 (화북일동), 064- 722-3366,
112,,제주특별자치도,제주시,한식,"고기국수, 국밥",삼대국수회관노형점,"제주특별자치도 제주시 노형13길 11, 101호 (노형동)", 064- 747-9493,
113,,제주특별자치도,제주시,한식,"고기국수, 비빔국수",삼대국수회관신제주점,제주특별자치도 제주시 신대로20길 32 (연동), 064- 742-8820,
114,,제주특별자치도,제주시,회집,"생선회, 매운탕",삼미횟집,제주특별자치도 제주시 도두항서5길 1 (도두일동), 064- 756-6060,
115,,제주특별자치도,제주시,한식,삼계탕,삼양장원,"제주특별자치도 제주시 일주동로 394, 1층 (삼양이동)",,
116,,제주특별자치도,제주시,회집,돼지양념갈비,삼춘이야기,제주특별자치도 제주시 우정로12길 1 (외도일동), 064- 722-5552,
117,,제주특별자치도,제주시,식육(숯불구이),소고기구이,생고기제작소탑동점,"제주특별자치도 제주시 북성로 4, 1층 (삼도이동)", 064- 901-4994,
118,,제주특별자치도,제주시,한식,샤브샤브,샤브향신제주점,"제주특별자치도 제주시 월랑로 30 (노형동, 제1호)", 064- 747-5158,
119,,제주특별자치도,제주시,한식,오분작뚝배기,서귀포진주식당연동점,"제주특별자치도 제주시 과원로 84, 1~2층 (연동)", 064- 782-8818,
120,,제주특별자치도,제주시,기타,"생구이, 양념구이",서우봉가든,제주특별자치도 제주시 조천읍 함대로 78, 064- 712-4550,
121,,제주특별자치도,제주시,한식,뚝배기,서울뚝배기,제주특별자치도 제주시 아연로 10 (연동), 064- 783-8170,
122,,제주특별자치도,제주시,한식,돼지갈비,서울식당,제주특별자치도 제주시 조천읍 함덕13길 5, 064- 726-0011,
123,,제주특별자치도,제주시,식육(숯불구이),돼지갈비,서흘포가든,제주특별자치도 제주시 선사로6길 12 (삼양일동),,
124,,제주특별자치도,제주시,식육(숯불구이),흑돼지구이,서흘포가든서사라점,"제주특별자치도 제주시 서사로 175, 1층 (오라일동)",064-742-4333,
125,,제주특별자치도,제주시,뷔페식,,섬채,"제주특별자치도 제주시 오라로 61, 2층 (오라이동)", 064- 742-2929,
126,,제주특별자치도,제주시,회집,생선회,섬횟집,"제주특별자치도 제주시 서해안로 242, 1층 (도두일동)",,
127,,제주특별자치도,제주시,한식,김치찌개,세화그때그집,"제주특별자치도 제주시 구좌읍 세평항로 43, 1층", 064- 758-9273,
128,,제주특별자치도,제주시,회집,,소라,"제주특별자치도 제주시 서부두길 18-2, 1~3층 (건입동)",064-0784-3378,
129,,제주특별자치도,제주시,한식,,손맛촌,제주특별자치도 제주시 조천읍 비자림로 661,0064-0757-1419,
130,,제주특별자치도,제주시,한식,삼계탕,솔바위,제주특별자치도 제주시 가령골1길 1 (이도이동),064-0727-9289,
131,,제주특별자치도,제주시,식육(숯불구이),"쇠갈비, 돼지갈비",송백,제주특별자치도 제주시 연삼로 437 (이도이동), 064- 724-6768,
132,,제주특별자치도,제주시,일식,"생선회, 생선초밥, 생선지리",송촌,제주특별자치도 제주시 연신로 29 (일도이동),,
133,,제주특별자치도,제주시,한식,생선조림,수미정,"제주특별자치도 제주시 조천읍 함대로 16, 1층", 064- 746-6656,
134,,제주특별자치도,제주시,한식,"문어라면, 문어튀김",순정문어,"제주특별자치도 제주시 서해안로 579, 1층 (용담삼동)",064 -727 -3777,
135,,제주특별자치도,제주시,일식,,순조은참치,제주특별자치도 제주시 고마로 148 (이도이동), 064- 721-9944,
136,,제주특별자치도,제주시,한식,,순풍해장국,제주특별자치도 제주시 일주동로 355 (삼양이동), 064- 742-8988,
137,,제주특별자치도,제주시,회집,생선회,숨비소리,제주특별자치도 제주시 서해안로 283 (도두이동),,
138,,제주특별자치도,제주시,일식,초밥,숲속바다,"제주특별자치도 제주시 은수길 65, D동 1층 (연동)", 064- 751-3737,
139,,제주특별자치도,제주시,한식,참치요리,스시날,"제주특별자치도 제주시 월랑로10길 1, 1층 (노형동)", 064- 726-9696,
140,,제주특별자치도,제주시,일식,,스시앤,"제주특별자치도 제주시 고산동산5길 21-1, 105호 (이도이동)",,
141,,제주특별자치도,제주시,일식,"초밥, 생선회",스시홍삼,"제주특별자치도 제주시 고산동산5길 3-4, 1~2층 (이도이동)", 064- 747-4600,
142,,제주특별자치도,제주시,뷔페식,소고기샤브샤브,스푼더마켓제주점,"제주특별자치도 제주시 연북로 76, 2층 (연동)",0064-0753-6600,
143,,제주특별자치도,제주시,회집,"오분작뚝배기, 활어",신제일,제주특별자치도 제주시 탑동로 39 (삼도이동), 064- 712-2324,
144,,제주특별자치도,제주시,일식,"생선회, 초밥",신제주그랜드,제주특별자치도 제주시 신대로 70 (연동), 064- 721-8803,
145,,제주특별자치도,제주시,한식,,신현대,제주특별자치도 제주시 임항로 40 (건입동), 064- 712-6699,
146,,제주특별자치도,제주시,한식,정식,신화성,제주특별자치도 제주시 어영길 42 (용담삼동), 064- 711-4544,
147,,제주특별자치도,제주시,식육(숯불구이),"갈비찜, 냉면",쌍봉냉면연동점,"제주특별자치도 제주시 연북로 60, 1층 (연동)",064 -751 -1997,
148,,제주특별자치도,제주시,경양식,뷔페,씨제이푸드빌(주)빕스연동제주점,제주특별자치도 제주시 연삼로 2 (연동), 064- 751-2266,
149,,제주특별자치도,제주시,식육(숯불구이),한우모둠,아라미당한우전문점,"제주특별자치도 제주시 아연로 595, 1~2층 (아라일동)",064-702-3339,
150,,제주특별자치도,제주시,한식,성게국,아라캐슬웨딩홀구내,"제주특별자치도 제주시 중앙로 504, 2층 (아라일동)", 064- 784-9100,
151,,제주특별자치도,제주시,한식,토종닭,아름,제주특별자치도 제주시 조천읍 교래3길 24, 064- 742-3430,
152,,제주특별자치도,제주시,일식,회. 초밥,아사히,제주특별자치도 제주시 과원북4길 85 (연동), 064- 722-5161,
153,,제주특별자치도,제주시,중국식,자장면,아주,제주특별자치도 제주시 관덕로13길 4 (일도일동), 064- 783-0668,
154,,제주특별자치도,제주시,한식,토종닭,안다미로,제주특별자치도 제주시 조천읍 비자림로 648, 064- 749-2461,
155,,제주특별자치도,제주시,탕류(보신용),흑미전복삼계탕,양촌리마을,제주특별자치도 제주시 진군길 31-5 (노형동), 064- 746-3663,
156,,제주특별자치도,제주시,한식,양푼왕갈비,양푼왕갈비,제주특별자치도 제주시 선덕로 14 (연동), 064- 749-0081,
157,,제주특별자치도,제주시,일식,통갈치조림,어가,"제주특별자치도 제주시 1100로 3213-8, 지하2층 (노형동)", 064- 727-7999,
158,,제주특별자치도,제주시,회집,"생선회, 초밥",어림향,"제주특별자치도 제주시 서사로24길 22, 1층 (삼도일동)",064-0743-9700,
159,,제주특별자치도,제주시,회집,,어영해녀촌원,"제주특별자치도 제주시 월성로 18, 2층 (용담이동)", 064- 743-5131,
160,,제주특별자치도,제주시,한식,전복요리,어우늘,"제주특별자치도 제주시 연북로 222, 1층 (오라이동)", 064- 744-2258,
161,,제주특별자치도,제주시,한식,갈치조림,어장군,제주특별자치도 제주시 신대로 72 (연동), 064- 711-2227,
162,,제주특별자치도,제주시,식육(숯불구이),돼지갈비,연동박가네,제주특별자치도 제주시 삼무로9길 15 (연동), 064- 784-8856,
163,,제주특별자치도,제주시,회집,,연미정,제주특별자치도 제주시 구좌읍 세평항로 14, 064- 712-5646,
164,,제주특별자치도,제주시,한식,,연우네,제주특별자치도 제주시 은수길 110 (노형동), 064- 726-4955,
165,,제주특별자치도,제주시,한식,갈비,영월,제주특별자치도 제주시 오남로 42-4 (오라일동),,
166,,제주특별자치도,제주시,한식,말고기요리,영주말가든,"제주특별자치도 제주시 연북로 196, 1층 (오라이동)",,
167,,제주특별자치도,제주시,한식,설렁탕,예산가마솥장수촌설렁탕연동점,제주특별자치도 제주시 은남길 25 (연동), 064- 746-3112,
168,,제주특별자치도,제주시,회집,두루치기,예향정제주,"제주특별자치도 제주시 신설로11길 2-9, 1층 (아라이동)",,
169,,제주특별자치도,제주시,한식,옥돔구이,옛집2,제주특별자치도 제주시 구좌읍 비자림로 1220,,
170,,제주특별자치도,제주시,식육(숯불구이),돼지갈비,오도가든,"제주특별자치도 제주시 오광로6길 3, 1층 (이호이동)", 064- 744-2545,
171,,제주특별자치도,제주시,한식,"한정식, 샤브샤브",오라숲소리,제주특별자치도 제주시 오라로 80 (오라이동), 064- 784-2277,
172,,제주특별자치도,제주시,한식,칼국수 등,오름나그네,제주특별자치도 제주시 조천읍 선교로 525, 064- 743-5262,
173,,제주특별자치도,제주시,한식,"오리탕,오리백숙, 오리불고기",오리정,제주특별자치도 제주시 수덕3길 4 (노형동),,
174,,제주특별자치도,제주시,일식,초밥,오사카키친,"제주특별자치도 제주시 1100로 3228, 비동 1층 (노형동)", 064- 722-2585,
175,,제주특별자치도,제주시,한식,,오젠정식,"제주특별자치도 제주시 명림로 220, 1층 (봉개동)",0064-0711-1259,
176,,제주특별자치도,제주시,회집,생선회,올래어촌,제주특별자치도 제주시 테우해안로 166 (이호일동), 064- 796-3146,
177,,제주특별자치도,제주시,한식,"흑돼지구이, 삼계탕",옹포별장가든,제주특별자치도 제주시 한림읍 한림상로 24,064 -748 -4343,
178,,제주특별자치도,제주시,한식,말요리코스,외양간,제주특별자치도 제주시 선덕로5길 13 (연동), 064- 721-5149,
179,,제주특별자치도,제주시,회집,생선회,용운,제주특별자치도 제주시 흥운길 91 (용담이동), 064- 782-5204,
180,,제주특별자치도,제주시,한식,"생선회, 매운탕",우도밥상,제주특별자치도 제주시 우도면 우도해안길 170,064 -748 -0748,
181,,제주특별자치도,제주시,일식,"초밥, 지리, 생선회",우림,제주특별자치도 제주시 도령로 28-2 (노형동),0064-0757-4202,
182,,제주특별자치도,제주시,회집,생선회,우정횟집,제주특별자치도 제주시 서부두길 16 (건입동), 064- 725-2525,
183,,제주특별자치도,제주시,한식,"오리, 토종닭, 샤브샤브",원당골,제주특별자치도 제주시 원당로 72 (삼양일동), 064- 726-4700,
184,,제주특별자치도,제주시,한식,조림,월라촌,제주특별자치도 제주시 오남로 66 (오라일동), 064- 748-0890,
185,,제주특별자치도,제주시,한식,"갈치조림,몸국",유리네,제주특별자치도 제주시 연북로 146 (연동), 064- 772-3701,
186,,제주특별자치도,제주시,한식,한식뷔페,유연,제주특별자치도 제주시 한경면 녹차분재로 685-21,0064-0725-3337,
187,,제주특별자치도,제주시,한식,"갈비탕,갈비찜",육갑봉,제주특별자치도 제주시 신설로11길 2-9 (아라이동),,
188,,제주특별자치도,제주시,한식,감자탕,육장갈비제주본점,제주특별자치도 제주시 승천로 2 (이도이동), 070-8147-7006,
189,,제주특별자치도,제주시,식육(숯불구이),,으뜸정육식당,"제주특별자치도 제주시 아연로 114, 2층 (오라이동)", 064- 724-3521,
190,,제주특별자치도,제주시,회집,"생선회, 지리",은성,제주특별자치도 제주시 동한두기길 35-1 (용담일동), 064- 743-5237,
191,,제주특별자치도,제주시,한식,"장어구이, 은어튀김",은어의집,제주특별자치도 제주시 우정로5길 27 (외도일동), 064- 711-5820,
192,,제주특별자치도,제주시,한식,해장국,은희네해장국노형점,"제주특별자치도 제주시 원노형로 40, 1층 (노형동)", 064- 726-2009,
193,,제주특별자치도,제주시,한식,"전복죽, 전복회, 구이",이가전복,제주특별자치도 제주시 무근성길 6 (삼도이동), 064- 711-8866,
194,,제주특별자치도,제주시,한식,"갈치조림, 고등어조림",이금돈지,제주특별자치도 제주시 노연로 143 (연동),,
195,,제주특별자치도,제주시,식육(숯불구이),돼지갈비,이도숯불갈비,"제주특별자치도 제주시 구남로6길 23, 1층 (이도이동)",064-0723-6427,
196,,제주특별자치도,제주시,경양식,,이돈갓시청점,"제주특별자치도 제주시 광양14길 9, 3층 (이도이동)",064 -742 -8484,
197,,제주특별자치도,제주시,회집,"생선회, 조림, 매운탕",이만석군횟집,제주특별자치도 제주시 도두항서길 26 (도두일동), 064- 759-5050,
198,,제주특별자치도,제주시,중국식,이비가짬뽕,이비가짬뽕오라점,제주특별자치도 제주시 오남로 11 (오라일동), 064- 749-3933,
199,,제주특별자치도,제주시,중국식,"짬뽕,탕수육",이비가짬뽕제주1호이호점,"제주특별자치도 제주시 도공로 154-7, 1층 (이호이동)", 064- 753-2487,
200,,제주특별자치도,제주시,일식,"초밥, 생선회",이학,제주특별자치도 제주시 남성로 113 (삼도일동), 064- 749-8801,
201,,제주특별자치도,제주시,중국식,해물누룽지탕,이화원,"제주특별자치도 제주시 달마루길 20, 2~3층 (노형동)", 064- 796-4548,
202,,제주특별자치도,제주시,한식,,일등정육식당,제주특별자치도 제주시 한림읍 한림상로 145, 064- 726-3999,
203,,제주특별자치도,제주시,식육(숯불구이),샤브샤브,일맥샤브,제주특별자치도 제주시 중앙로14길 40-8 (삼도이동), 064- 746-0338,
204,,제주특별자치도,제주시,일식,"생선회, 지리",일품물항아리,"제주특별자치도 제주시 정원로 49, 1층 (노형동)", 064- 727-7779,
205,,제주특별자치도,제주시,한식,샤브샤브,일품샤브샤브,제주특별자치도 제주시 동광로 161 (일도이동), 064- 746-2222,
206,,제주특별자치도,제주시,한식,국수,자매국수노형점,제주특별자치도 제주시 월랑로4길 6 (노형동), 064- 722-2992,
207,,제주특별자치도,제주시,식육(숯불구이),돼지구이,장씨네,"제주특별자치도 제주시 서사로 78 (삼도일동, 제1호)",064 -799 -7889,
208,,제주특별자치도,제주시,한식,한우고기,장촌한우마을,제주특별자치도 제주시 애월읍 천덕로 440-4, 064- 742-8556,
209,,제주특별자치도,제주시,한식,황제전복삼계탕,장춘육당,"제주특별자치도 제주시 신대로10길 36, 1층 (연동)", 064- 712-8856,
210,,제주특별자치도,제주시,회집,돼지갈비,재현이네갈비,제주특별자치도 제주시 선덕로 7 (연동),,
211,,제주특별자치도,제주시,기타,흑돼지구이,저팔계깡통숯불구이,"제주특별자치도 제주시 조천읍 신북로 523, 1층", 064- 721-9520,
212,,제주특별자치도,제주시,한식,"콩나물국밥, 콩나물비빔밥",전주콩나루콩나물국밥신제주점,제주특별자치도 제주시 신대로10길 16 (연동), 064- 758-2334,
213,,제주특별자치도,제주시,식육(숯불구이),,정담,제주특별자치도 제주시 구남로8길 6 (이도이동),064-783-4900,
214,,제주특별자치도,제주시,한식,"손두부, 청국장",정순화손두부,제주특별자치도 제주시 조천읍 일주동로 1415, 064- 746-8429,
215,,제주특별자치도,제주시,한식,말고기,정우말가든,제주특별자치도 제주시 아연로 17 (연동), 064- 742-9333,
216,,제주특별자치도,제주시,한식,"생선회, 매운탕",제일식당,제주특별자치도 제주시 추자면 추자로 16-2, 064- 742-7712,
217,,제주특별자치도,제주시,식육(숯불구이),"소갈비, 냉면",제주늘봄,제주특별자치도 제주시 고사마루길 6 (노형동), 064- 783-4158,
218,,제주특별자치도,제주시,회집,생선회,제주동복해녀식당,제주특별자치도 제주시 구좌읍 동복로 5,064-0712-8255,
219,,제주특별자치도,제주시,한식,정식,제주맛촌본점,"제주특별자치도 제주시 서해안로 546, 2층 (용담삼동)",064-757-2300,
220,,제주특별자치도,제주시,식육(숯불구이),흑돼지구이,제주몬트락,"제주특별자치도 제주시 임항로 20, 2~3층 (건입동)",064-0753-9275,
221,,제주특별자치도,제주시,식육(숯불구이),돼지갈비,제주배밭고을,제주특별자치도 제주시 고마로 144 (이도이동), 064- 784-0900,
222,,제주특별자치도,제주시,한식,흑돼지불고기정식,제주본가,"제주특별자치도 제주시 조천읍 비자림로 684, 1층", 064- 742-1295,
223,,제주특별자치도,제주시,한식,한식,제주섬,"제주특별자치도 제주시 월성로 2, 1층 (용담이동)",064-0726-0083,
224,,제주특별자치도,제주시,한식,"보쌈, 족발",제주소드래,"제주특별자치도 제주시 가령로 1, 2층 (이도이동)",064-782-8866,
225,,제주특별자치도,제주시,한식,해장국,제주순풍해장국,"제주특별자치도 제주시 조천읍 신북로 604, 1층", 064- 745-3400,
226,,제주특별자치도,제주시,한식,,제주여행가야밀면,"제주특별자치도 제주시 원노형9길 14, 1층 (노형동)",064-0742-0110,
227,,제주특별자치도,제주시,한식,"불주꾸미볶음,철판주꾸미볶음",제주연북로해물탕,"제주특별자치도 제주시 연북로 221, 2층 (오라이동)", 064- 745-8866,
228,,제주특별자치도,제주시,식육(숯불구이),돼지갈비,제주영재숯불,제주특별자치도 제주시 신광로10길 23 (연동), 064- 748-3005,
229,,제주특별자치도,제주시,한식,"흑돼지오겹살, 말코스요리",제주오라성,"제주특별자치도 제주시 오라남로 16, 1층 (오라이동)",064-721-2228,
230,,제주특별자치도,제주시,한식,"갈비탕,갈비찜",제주정,"제주특별자치도 제주시 일주동로 320, 1층 (삼양이동)",064-747-0810,
231,,제주특별자치도,제주시,한식,"스테이크, 스파게티",제주정지,제주특별자치도 제주시 서해안로 480 (용담삼동), 064- 749-7735,
232,,제주특별자치도,제주시,식육(숯불구이),,제주축협한우플라자노형점(3층),"제주특별자치도 제주시 노형11길 25, 3층 (노형동)",064 - 758-5201,
233,,제주특별자치도,제주시,식육(숯불구이),,제주축협한우플라자삼화점,"제주특별자치도 제주시 건주로 45, 2,3층 (도련일동)",,
234,,제주특별자치도,제주시,한식,장어구이,제주통큰장어,제주특별자치도 제주시 청귤로3길 50 (이도이동), 064- 744-9000,
235,,제주특별자치도,제주시,식육(숯불구이),"쇠갈비, 냉면",제주한우리,제주특별자치도 제주시 고사마루길 10 (노형동), 064- 901-9633,
236,,제주특별자치도,제주시,식육(숯불구이),,제주한우앤돈,"제주특별자치도 제주시 구좌읍 세평항로 19, 1층", 064- 712-1666,
237,,제주특별자치도,제주시,한식,,제주향토골,"제주특별자치도 제주시 공항로 2 (용담이동, 제주국제공항여객청사 4층)", 064- 726-2656,
238,,제주특별자치도,제주시,식육(숯불구이),흑돼지구이,제주흑돼지마씸,"제주특별자치도 제주시 탑동로 18, 1층 2호 (삼도이동)",064 -711 -3535,
239,,제주특별자치도,제주시,탕류(보신용),"뼈다귀전골, 찜",조마루뼈다귀노형점,제주특별자치도 제주시 수덕로 83 (노형동),064-0742-5885,
240,,제주특별자치도,제주시,한식,뼈다귀전골,조마루뼈다귀외도점,제주특별자치도 제주시 우정로11길 3 (외도일동), 064- 712-9803,
241,,제주특별자치도,제주시,한식,감자탕,조마루뼈다귀용담점,제주특별자치도 제주시 흥운길 20 (용담이동), 064- 751-5115,
242,,제주특별자치도,제주시,한식,해장국,조마루뼈다귀일도지구점,제주특별자치도 제주시 연수로3길 5 (일도이동), 064- 758-5525,
243,,제주특별자치도,제주시,중국식,자장면,즐겨찾기,제주특별자치도 제주시 매촌1길 18 (도련이동),  064-744-6645,
244,,제주특별자치도,제주시,한식,,지지지,"제주특별자치도 제주시 신대로 104, A,B동 1층 (연동)",,
245,,제주특별자치도,제주시,한식,한방삼계탕,지호한방삼계탕제주곽지과물점,"제주특별자치도 제주시 애월읍 곽지1길 3, 1층 2호",,
246,,제주특별자치도,제주시,식육(숯불구이),흑돼지구이,진돼지,"제주특별자치도 제주시 은수길 65, B동 1층 (연동)",,
247,,제주특별자치도,제주시,식육(숯불구이),,징기스이도점,"제주특별자치도 제주시 승천로 68, 1층 (아라이동)", 064- 751-3305,
248,,제주특별자치도,제주시,일식,"생선회, 초밥",채원,제주특별자치도 제주시 가령골2길 4 (이도이동), 064- 723-9200,
249,,제주특별자치도,제주시,식육(숯불구이),흑돼지구이,천둥소리,제주특별자치도 제주시 원남6길 5 (도남동),0064-0725-8877,
250,,제주특별자치도,제주시,식육(숯불구이),장어구이,천지연무태장어천지연,제주특별자치도 제주시 연삼로 461 (이도이동),064-0748-6592,
251,,제주특별자치도,제주시,식육(숯불구이),,천하일품,제주특별자치도 제주시 신대로14길 35 (연동),064-0742-1101,
252,,제주특별자치도,제주시,한식,성게전복돌솥밥,천해천,"제주특별자치도 제주시 한라대학로 25, 1~2층 (노형동)", 064- 757-3392,
253,,제주특별자치도,제주시,한식,"갈치, 고등어구이(조림) ,뚝배기, 물회",청어림,제주특별자치도 제주시 원노형7길 10 (노형동), 064- 782-5201,
254,,제주특별자치도,제주시,한식,돼지갈비,청우가든,제주특별자치도 제주시 조천읍 일주동로 792,064 -758 -1333,
255,,제주특별자치도,제주시,회집,,초가장,제주특별자치도 제주시 서부두길 16 (건입동), 064- 783-8527,
256,,제주특별자치도,제주시,한식,,초원식당,제주특별자치도 제주시 조천읍 신북로 598, 064- 783-4242,
257,,제주특별자치도,제주시,한식,회국수,촌촌해녀촌,"제주특별자치도 제주시 구좌읍 동복로 35, 1층", 064- 747-3342,
258,,제주특별자치도,제주시,경양식,스테이크,카페레몬테이블제주노형점,제주특별자치도 제주시 과원북4길 29 (노형동), 064- 722-6274,
259,,제주특별자치도,제주시,뷔페식,"초밥,롤",쿠우쿠우제주시청점,"제주특별자치도 제주시 서광로30길 8, 2층 201호 (이도이동)", 064- 748-5800,
260,,제주특별자치도,제주시,한식,뷔페,탐라향,"제주특별자치도 제주시 서해안로 346-13, 1층 (도두이동)", 064- 758-0123,
261,,제주특별자치도,제주시,한식,"전복죽, 전복돌솥밥, 전복회, 성게국",탑동산호전복,제주특별자치도 제주시 탑동로 59 (삼도이동), 064- 753-7869,
262,,제주특별자치도,제주시,식육(숯불구이),"삼겹살, 오겹살",탑부평,제주특별자치도 제주시 관덕로15길 26 (건입동),0064-0751-1071,
263,,제주특별자치도,제주시,한식,돼지주물럭,태광,제주특별자치도 제주시 탑동로 144 (용담일동), 064- 747-6692,
264,,제주특별자치도,제주시,식육(숯불구이),"쇠고기, 돼지갈비",태백산1호점,"제주특별자치도 제주시 광평동로 45, B동 1층 (노형동)", 064- 747-8592,
265,,제주특별자치도,제주시,식육(숯불구이),돼지갈비,태백산2호점,제주특별자치도 제주시 진군1길 17 (노형동), 064- 744-0001,
266,,제주특별자치도,제주시,식육(숯불구이),식육,태백산제주본점,"제주특별자치도 제주시 도공로 154-12, 1~2층 (이호이동)", 064- 783-2297,
267,,제주특별자치도,제주시,한식,"토종닭, 흑돼지",토계정,제주특별자치도 제주시 조천읍 교래3길 1, 064- 713-4444,
268,,제주특별자치도,제주시,한식,,토끼와거북이,"제주특별자치도 제주시 서해안로 498-6, 101호 (용담삼동)", 064- 721-9002,
269,,제주특별자치도,제주시,한식,아귀찜,통영아귀찜,제주특별자치도 제주시 번영로 535 (봉개동), 064- 711-7815,
270,,제주특별자치도,제주시,회집,"생선회, 지리",투망,"제주특별자치도 제주시 도두항서길 69-1, 1~3층 (도두일동)", 064- 726-3796,
271,,제주특별자치도,제주시,한식,갈비탕,파라다이스회관,"제주특별자치도 제주시 삼성로 9, 파라다이스회관 (이도일동)",,
272,,제주특별자치도,제주시,기타,전복요리,평대전복,"제주특별자치도 제주시 구좌읍 해맞이해안로 1254-2, 1층", 064- 749-9493,
273,,제주특별자치도,제주시,호프/통닭,닭요리,푸라닭신제주점,"제주특별자치도 제주시 원노형로 36, 103,104호 (노형동)",,
274,,제주특별자치도,제주시,기타,갈치조림,푸른밤의해안속초식당,"제주특별자치도 제주시 노형로 40, 1층 (해안동)",,
275,,제주특별자치도,제주시,한식,탕수육,푸이,"제주특별자치도 제주시 중앙로21길 10, 1층 (이도일동)", 064- 744-6788,
276,,제주특별자치도,제주시,한식,"설렁탕, 도가니탕",푸주옥노형점,제주특별자치도 제주시 월랑로 65 (노형동),064-727-8889,
277,,제주특별자치도,제주시,탕류(보신용),설렁탕,푸주옥도남점,제주특별자치도 제주시 독짓골4길 4 (도남동), 064- 727-8888,
278,,제주특별자치도,제주시,한식,"도가니탕, 설렁탕, 꼬리곰탕",푸주옥오라점,제주특별자치도 제주시 오라로 140 (오라일동), 064- 713-2535,
279,,제주특별자치도,제주시,식육(숯불구이),돼지갈비,풍경채,제주특별자치도 제주시 오도길 10-3 (이호이동),064-742-8500,
280,,제주특별자치도,제주시,식육(숯불구이),쇠고기,풍전,"제주특별자치도 제주시 연동8길 30, 2층 (연동)", 064- 713-6255,
281,,제주특별자치도,제주시,한식,장어구이,풍천만가,"제주특별자치도 제주시 아연로 40, 1층 (연동)",064-713-2555,
282,,제주특별자치도,제주시,한식,흑돼지모듬,하귀바글바글가든,제주특별자치도 제주시 애월읍 하귀5길 6, 064- 711-9233,
283,,제주특별자치도,제주시,한식,,하귀청마루,제주특별자치도 제주시 애월읍 항몽로 71-1, 064-749 -1068,
284,,제주특별자치도,제주시,한식,삼계탕,하늘채,제주특별자치도 제주시 오등14길 4 (오등동),,
285,,제주특별자치도,제주시,한식,"밀면,칼국수",하르방밀면공항점,"제주특별자치도 제주시 공설로 53, 1층 (오라일동)",064 -796 -1817,
286,,제주특별자치도,제주시,일식,생선회,한림바다생태체험마을,제주특별자치도 제주시 한림읍 한림해안로 200, 064- 796-5449,
287,,제주특별자치도,제주시,한식,"생선회, 매운탕",한림일품,제주특별자치도 제주시 한림읍 한림해안로 154, 064- 725-4333,
288,,제주특별자치도,제주시,회집,생선회,한어정,제주특별자치도 제주시 만덕로6길 34 (일도일동), 064- 726-5671,
289,,제주특별자치도,제주시,식육(숯불구이),쇠고기모듬,한우플라자,제주특별자치도 제주시 중앙로 415 (아라이동), 064- 799-3191,
290,,제주특별자치도,제주시,한식,"갈비, 우족탕",한일식당,제주특별자치도 제주시 애월읍 납읍남로 48,,
291,,제주특별자치도,제주시,한식,설렁탕,한촌설렁탕삼화점,제주특별자치도 제주시 일주동로 285 (삼양삼동),,
292,,제주특별자치도,제주시,기타,돼지고기,함덕에이플러스가든,"제주특별자치도 제주시 조천읍 함덕12길 51, 쉬젠비아채아파트 가동 2층",,
293,,제주특별자치도,제주시,기타,소고기,함덕에이플러스식당,"제주특별자치도 제주시 조천읍 함덕12길 51, 쉬젠비아채아파트 1층 101호", 064- 783-5438,
294,,제주특별자치도,제주시,한식,"회국수, 돔지리",해녀촌식당,제주특별자치도 제주시 구좌읍 동복로 33,064 -758 -3620,
295,,제주특별자치도,제주시,일식,"활어회,초밥",해모둠,제주특별자치도 제주시 청귤로3길 53 (이도이동), 064- 751-9966,
296,,제주특별자치도,제주시,한식,해물탕,해물탕다우정,제주특별자치도 제주시 고산동산2길 9 (이도이동),064 -784 -8828,
297,,제주특별자치도,제주시,일식,,해어랑,제주특별자치도 제주시 조천읍 조함해안로 525 (이동),064-0711-9730,
298,,제주특별자치도,제주시,회집,생선회,해연,제주특별자치도 제주시 흥운길 83 (용담이동),0064-0711-2552,
299,,제주특별자치도,제주시,회집,"활어회,갈치조림,뚝배기,해물전골",해원,"제주특별자치도 제주시 서해안로 687-6, 1~2층 (용담이동)", 064- 742-6303,
300,,제주특별자치도,제주시,한식,"생선회, 지리",해원앙,제주특별자치도 제주시 연삼로 457-1 (이도이동),,
301,,제주특별자치도,제주시,한식,회국수,해원향,"제주특별자치도 제주시 선사로8길 31, 1층 (삼양일동)",,
302,,제주특별자치도,제주시,한식,보말칼국수,해월정,"제주특별자치도 제주시 구좌읍 해맞이해안로 2340, 1층",0064-0757-8889,
303,,제주특별자치도,제주시,회집,,해진횟집,제주특별자치도 제주시 서부두길 26 (건입동),064-722-4764,
304,,제주특별자치도,제주시,일식,"참치회,초밥",혼참치,"제주특별자치도 제주시 오복4길 3, 1~2층 (이도이동)", 064- 747-4343,
305,,제주특별자치도,제주시,일식,"초밥, 생선회",홋카이도,"제주특별자치도 제주시 노연로 42, 201호,202호,203호,205호 (노형동)", 064- 756-4041,
306,,제주특별자치도,제주시,한식,쌈밥정식,홍소반,제주특별자치도 제주시 천수로6길 36 (이도이동),0064-746 -8152,
307,,제주특별자치도,제주시,식육(숯불구이),"토속음식, 갈비",화남가든,제주특별자치도 제주시 노형로 44 (해안동), 064- 723-2181,
308,,제주특별자치도,제주시,중국식,,화룡각,"제주특별자치도 제주시 산지로 13-1 (건입동, 제1호)", 064- 748-0023,
309,,제주특별자치도,제주시,한식,"한정식,생선회",화목원,"제주특별자치도 제주시 연화남길 41, A동 1층 (연동)", 064- 799-7551,
310,,제주특별자치도,제주시,한식,"고등어조림, 보말국",화연이네,제주특별자치도 제주시 애월읍 애월해안로 224, 064- 742-9776,
311,,제주특별자치도,제주시,식육(숯불구이),,황금섬숯불갈비,제주특별자치도 제주시 추자면 추자로 36,064-0748-8989,
312,,제주특별자치도,제주시,한식,"갈치조림(구이), 고등어조림(구이)",황금어장,제주특별자치도 제주시 사장길 14 (연동), 064- 748-8887,
313,,제주특별자치도,제주시,회집,참치회,후니참치,제주특별자치도 제주시 노연로 39 (노형동), 064- 742-2227,
314,,제주특별자치도,제주시,식육(숯불구이),흑돼지구이,흑돈가,제주특별자치도 제주시 한라대학로 11 (노형동),064 -742 -1108,
315,,제주특별자치도,제주시,한식,흑돼지,흑돼지가있는풍경,제주특별자치도 제주시 진군남4길 7-8 (노형동),,
316,,제주특별자치도,제주시,식육(숯불구이),흑우구이,흑소랑,제주특별자치도 제주시 연북로 631 (아라이동),    -    -    ,
317,하반기,제주특별자치도,서귀포시,한식,"대방어회, 갈치조림",부두식당,제주특별자치도 서귀포시 대정읍 하모항구로 62, 064- 794-1223,
318,하반기,제주특별자치도,서귀포시,한식,소갈비,삼수정식당,제주특별자치도 서귀포시 성산읍 동류암로 45, 064- 782-2146,
319,하반기,제주특별자치도,서귀포시,한식,"해물뚝배기,조림",진주식당,"제주특별자치도 서귀포시 태평로 353, 1,2층 (서귀동)", 064- 762-5158,
320,하반기,제주특별자치도,서귀포시,일식,활어회,진미명가식당,제주특별자치도 서귀포시 안덕면 사계남로 167, 064- 794-3639,
321,하반기,제주특별자치도,서귀포시,한식,오리문어전골,올랭이와물꾸럭,제주특별자치도 서귀포시 대정읍 신영로 93-5, 064- 794-5022,
322,하반기,제주특별자치도,서귀포시,일식,활어회,영빈횟집,제주특별자치도 서귀포시 칠십리로 129 (서귀동), 064- 732-3488,
323,하반기,제주특별자치도,서귀포시,한식,불고기정식,오라방식당,제주특별자치도 서귀포시 표선면 성읍서문로 19,064 -787 -7878,
324,하반기,제주특별자치도,서귀포시,한식,해물뚝배기,제주뚝배기,제주특별자치도 서귀포시 성산읍 일출로 255, 064- 782-1089,
325,하반기,제주특별자치도,서귀포시,중식,"짜장면, 짬뽕",대우반점,제주특별자치도 서귀포시 표선면 표선중앙로 66, 064- 787-5333,
326,하반기,제주특별자치도,서귀포시,중식,"짬뽕,탕수육",신태백관,제주특별자치도 서귀포시 대정읍 동일하모로 196, 064- 794-8537,
327,하반기,제주특별자치도,서귀포시,중식,"짜장면, 짬뽕",사해방,제주특별자치도 서귀포시 중문관광로 338 (대포동), 064- 738-7775,
328,하반기,제주특별자치도,서귀포시,일식,활어회,남경미락,제주특별자치도 서귀포시 안덕면 사계남로 190-7, 064- 794-0055,
329,하반기,제주특별자치도,서귀포시,일식,활어회,제주해풍횟집,제주특별자치도 서귀포시 칠십리로 41 (서귀동), 064- 763-1008,
330,하반기,제주특별자치도,서귀포시,한식,복어요리,새만부정,제주특별자치도 서귀포시 칠십리로 135 (서귀동), 064- 733-7750,
331,하반기,제주특별자치도,서귀포시,한식,"흑돼지구이, 양념갈비",해심갈비,제주특별자치도 서귀포시 천제연로 203-4 (중문동), 064- 738-2820,
332,하반기,제주특별자치도,서귀포시,일식,활어회,동해미락,제주특별자치도 서귀포시 칠십리로 133 (서귀동), 064- 733-5921,
333,하반기,제주특별자치도,서귀포시,한식,해물전골,전망좋은집,제주특별자치도 서귀포시 성산읍 일출로 248, 064- 784-1568,
334,하반기,제주특별자치도,서귀포시,한식,"전복뚝배기, 조림",수희식당,제주특별자치도 서귀포시 태평로 377 (서귀동), 064- 762-0777,
335,하반기,제주특별자치도,서귀포시,한식,흑염소전골,흑염소마루,제주특별자치도 서귀포시 남원읍 태위로663번길 1-1,064 -764 -6678,
336,하반기,제주특별자치도,서귀포시,한식,돼지불고기,낭밭식당,제주특별자치도 서귀포시 표선면 서성일로 31, 064- 787-0414,
337,하반기,제주특별자치도,서귀포시,한식,흑돼지구이,돌집식당,제주특별자치도 서귀포시 표선면 서성일로 23, 064- 787-3720,
338,하반기,제주특별자치도,서귀포시,일식,해물뚝배기,해촌,제주특별자치도 서귀포시 성산읍 일출로 220, 064- 784-8001,
339,하반기,제주특별자치도,서귀포시,한식,삼계탕,약촌삼계탕,제주특별자치도 서귀포시 중산간동로 7750 (토평동), 064- 733-5377,
340,하반기,제주특별자치도,서귀포시,한식,"흑돼지구이, 동치미국수",쉬는팡,제주특별자치도 서귀포시 상예로 244 (상예동), 064- 738-5833,
341,하반기,제주특별자치도,서귀포시,일식,활어회,큰갯물횟집,제주특별자치도 서귀포시 대포로 161 (대포동), 064- 738-1625,
342,하반기,제주특별자치도,서귀포시,일식,회정식,대포동산횟집,제주특별자치도 서귀포시 이어도로 164 (대포동), 064- 738-6060,
343,하반기,제주특별자치도,서귀포시,한식,해장국,모이세해장국모슬포점,제주특별자치도 서귀포시 대정읍 동일하모로 201,064 -792 -5382,
344,하반기,제주특별자치도,서귀포시,일식,"활어회, 매운탕",하영횟집,제주특별자치도 서귀포시 이어도로 1043 (서호동), 064- 739-8161,
345,하반기,제주특별자치도,서귀포시,한식,전복죽,오조해녀의 집,제주특별자치도 서귀포시 성산읍 한도로 141-13, 064- 784-0893,
346,하반기,제주특별자치도,서귀포시,한식,한정식,거부한정식서귀포점,제주특별자치도 서귀포시 남성중로 2-3 (서홍동),064 -762 -4115,
347,하반기,제주특별자치도,서귀포시,일식,"활어회, 매운탕",대포어촌횟집,"제주특별자치도 서귀포시 이어도로 75, 산호초회마당 1층 (대포동)", 064- 738-0560,
348,하반기,제주특별자치도,서귀포시,일식,해물뚝배기,바다풍경,제주특별자치도 서귀포시 성산읍 일출로288번길 17, 064- 784-9779,
349,하반기,제주특별자치도,서귀포시,한식,"닭해물탕, 해물탕",풍차맛집,제주특별자치도 서귀포시 칠십리로 203 (동홍동), 064- 732-6999,
350,하반기,제주특별자치도,서귀포시,한식,"고기국수, 돔베고기",이드레국수,제주특별자치도 서귀포시 천제연로 93 (색달동), 064- 738-8777,
351,하반기,제주특별자치도,서귀포시,일식,"활어회, 갈치구이",신우성송도횟집,제주특별자치도 서귀포시 중문관광로72번길 29-9 (색달동), 064- 738-3191,
352,하반기,제주특별자치도,서귀포시,일식,활어회,보물섬횟집,제주특별자치도 서귀포시 칠십리로 105 (서귀동), 064- 732-0009,
353,하반기,제주특별자치도,서귀포시,한식,"보말국, 보말칼국수",옥돔식당,제주특별자치도 서귀포시 대정읍 신영로36번길 62, 064- 794-8833,
354,하반기,제주특별자치도,서귀포시,한식,밀냉면,산방식당,제주특별자치도 서귀포시 대정읍 하모이삼로 62, 064- 794-2165,
355,하반기,제주특별자치도,서귀포시,한식,"흑돼지구이, 갈비탕",금바우,제주특별자치도 서귀포시 태평로371번길 4 (서귀동), 064- 733-1517,
356,하반기,제주특별자치도,서귀포시,한식,흑돼지구이,서귀포흑돼지명가,제주특별자치도 서귀포시 태평로 122 (호근동), 064- 738-6939,
357,하반기,제주특별자치도,서귀포시,한식,민물장어구이,금강민물장어,제주특별자치도 서귀포시 일주동로 8597 (동홍동), 064- 733-2119,
358,하반기,제주특별자치도,서귀포시,일식,"생선회,초밥,물회",우정회센타,제주특별자치도 서귀포시 중앙로54번길 32 (서귀동), 064- 733-8522,
359,하반기,제주특별자치도,서귀포시,한식,흑돼지구이,명가솥뚜껑,제주특별자치도 서귀포시 중앙로62번길 36 (서귀동), 064- 763-0844,
360,하반기,제주특별자치도,서귀포시,한식,"칼국수, 흑돼지구이",제주손칼국수냉면전문점,제주특별자치도 서귀포시 일주동로 8599 (동홍동), 064- 763-3331,
361,하반기,제주특별자치도,서귀포시,한식,"흑돼지구이, 쌈밥",황실가든,"제주특별자치도 서귀포시 중산간동로 8024, 황실가든 (서홍동)", 064- 733-7330,
362,하반기,제주특별자치도,서귀포시,한식,"모듬전골,설렁탕",진국옹기설렁탕,제주특별자치도 서귀포시 중앙로79번길 10 (서귀동), 064- 763-1750,
363,하반기,제주특별자치도,서귀포시,한식,해장국,미향해장국모슬포점,제주특별자치도 서귀포시 대정읍 일주서로 2476,064 -792 -8863,
364,하반기,제주특별자치도,서귀포시,일식,활어회,다미진,제주특별자치도 서귀포시 표선면 민속해안로 578-1, 064- 787-5050,
365,하반기,제주특별자치도,서귀포시,한식,"말고기, 흑돼지구이",신라원중문점,제주특별자치도 서귀포시 천제연로 107 (색달동), 064- 739-3395,
366,하반기,제주특별자치도,서귀포시,한식,"통갈치구이, 갈치조림",대기정,제주특별자치도 서귀포시 이어도로 41 (대포동), 064- 739-1041,
367,하반기,제주특별자치도,서귀포시,한식,돼지불고기,성읍타운,제주특별자치도 서귀포시 표선면 성읍민속로 191, 064- 787-8005,
368,하반기,제주특별자치도,서귀포시,한식,한식,돌하르방뚝배기식당,제주특별자치도 서귀포시 성산읍 일출로 264, 064- 784-6888,
369,하반기,제주특별자치도,서귀포시,일식,활어회,국수앤백사장회센터,제주특별자치도 서귀포시 표선면 표선당포로 19-3,064 -787 -5630,
370,하반기,제주특별자치도,서귀포시,일식,활어회,대포해송,제주특별자치도 서귀포시 이어도로 200-7 (대포동), 064- 738-4060,
371,하반기,제주특별자치도,서귀포시,한식,뼈다귀해장국,조마루뼈다귀서귀포점,"제주특별자치도 서귀포시 동홍동로 13, 1층 (동홍동)", 064- 763-4417,
372,하반기,제주특별자치도,서귀포시,한식,"갈치조림, 고등어조림",덤장중문점,제주특별자치도 서귀포시 천제연로 17 (색달동), 064- 738-2550,
373,하반기,제주특별자치도,서귀포시,한식,"갈매기살, 소갈비살",화끈한갈매기,제주특별자치도 서귀포시 중앙로150번길 4-1 (동홍동), 064- 763-9292,
374,하반기,제주특별자치도,서귀포시,한식,해물뚝배기,삼다해물뚝배기,제주특별자치도 서귀포시 일주동로 8167 (하효동), 064- 733-0591,
375,하반기,제주특별자치도,서귀포시,한식,말고기요리,목장원식당바스메,제주특별자치도 서귀포시 표선면 번영로 2524, 064- 787-3930,
376,하반기,제주특별자치도,서귀포시,한식,장어구이,풍천민물장어,제주특별자치도 서귀포시 대정읍 최남단해안로 37, 064- 792-8434,
377,하반기,제주특별자치도,서귀포시,중식,"탕수육, 꽃게짬뽕",덕성원본점,제주특별자치도 서귀포시 태평로401번길 4 (서귀동), 064- 762-2402,
378,하반기,제주특별자치도,서귀포시,한식,한우구이,천지한우촌식육식당,제주특별자치도 서귀포시 서문로29번길 28 (서귀동), 064- 733-9289,
379,하반기,제주특별자치도,서귀포시,일식,활어회,금데기식당,제주특별자치도 서귀포시 표선면 표선당포로 19-5, 064- 787-1575,
380,하반기,제주특별자치도,서귀포시,한식,"흑돼지오겹살, 전복돌솥밥",흑돼지구이집하영,제주특별자치도 서귀포시 천제연로 101 (색달동),064 -738 -6011,
381,하반기,제주특별자치도,서귀포시,한식,"흑돼지구이, 소고기구이",우돈가,"제주특별자치도 서귀포시 신서귀로 45, 1층 (법환동)",064 -739 -9297,
382,하반기,제주특별자치도,서귀포시,일식,참치요리,독도참치,제주특별자치도 서귀포시 동문로 62-1 (서귀동),064 -762 -5656,
383,하반기,제주특별자치도,서귀포시,일식,"활어회, 매운탕",쌍둥이횟집본점,제주특별자치도 서귀포시 중정로62번길 14 (서귀동),064 -762 -0478,
384,하반기,제주특별자치도,서귀포시,한식,"양념갈비, 냉면",서귀포갈비,제주특별자치도 서귀포시 동홍로 42 (동홍동),064 -762 -7549,
385,하반기,제주특별자치도,서귀포시,일식,활어회,죽림횟집,제주특별자치도 서귀포시 솔동산로 5-1 (서귀동),064 -733 -7688,
386,하반기,제주특별자치도,서귀포시,한식,밀면,관촌밀면,제주특별자치도 서귀포시 서문로29번길 13 (서귀동),064 -732 -5585,
387,하반기,제주특별자치도,서귀포시,일식,활어회,강해일횟집,제주특별자치도 서귀포시 표선면 표선당포로 14,064 -787 -7270,
388,하반기,제주특별자치도,서귀포시,한식,"돼지갈비,돌솥밥정식",상호네숯불갈비,제주특별자치도 서귀포시 대정읍 하모이삼로 55,064 -794 -6242,
389,하반기,제주특별자치도,서귀포시,일식,"생선회,조림류",최남단식당,제주특별자치도 서귀포시 대정읍 최남단해안로 40,064 -794 -9191,
390,하반기,제주특별자치도,서귀포시,한식,흑돼지구이,오르막가든,제주특별자치도 서귀포시 대포중앙로 12 (대포동),064 -738 -7755,
391,하반기,제주특별자치도,서귀포시,한식,"흑돼지구이, 김치찌개",목포고을본점,제주특별자치도 서귀포시 일주서로 968-5 (색달동),064 -738 -5551,
392,하반기,제주특별자치도,서귀포시,한식,"갈치조림, 전복뚝배기",예지원,제주특별자치도 서귀포시 천제연로 129 (중문동),064 -738 -9577,
393,하반기,제주특별자치도,서귀포시,일식,활어회,우사미,"제주특별자치도 서귀포시 대정읍 최남단해안로 51, 1층",064 -794 -9933,
394,하반기,제주특별자치도,서귀포시,한식,"흑돼지구이, 갈비탕",월드컵흑돼지,제주특별자치도 서귀포시 월드컵로 74 (법환동),064 -738 -3292,
395,하반기,제주특별자치도,서귀포시,한식,흑돼지구이,도새기먹는날,제주특별자치도 서귀포시 서문로41번길 16 (서귀동),064 -733 -7587,
396,하반기,제주특별자치도,서귀포시,한식,소고기모둠구이,흑한우명품관,제주특별자치도 서귀포시 일주동로 8421 (토평동),064 -732 -1486,
397,하반기,제주특별자치도,서귀포시,일식,활어회,태흥횟집,제주특별자치도 서귀포시 남원읍 남태해안로 435,064 -764 -2896,
398,하반기,제주특별자치도,서귀포시,한식,해물전골,산방산초가집,제주특별자치도 서귀포시 안덕면 화순해안로 189,064 -792 -0688,
399,하반기,제주특별자치도,서귀포시,한식,전복코스요리,착한전복,제주특별자치도 서귀포시 천제연로 119 (색달동),064 -738 -8455,
400,하반기,제주특별자치도,서귀포시,한식,"동태탕, 코다리냉면",김영희동태탕&코다리냉면서귀포점,제주특별자치도 서귀포시 부두로 49 (서귀동),064 -733 -4888,
401,하반기,제주특별자치도,서귀포시,한식,갈치요리,네거리식당,제주특별자치도 서귀포시 서문로29번길 20 (서귀동),064 -762 -5513,
402,하반기,제주특별자치도,서귀포시,한식,해장국,미향해장국 중문점,제주특별자치도 서귀포시 일주서로 962 (색달동),064 -739 -8868,
403,하반기,제주특별자치도,서귀포시,한식,"고기국수, 비빔국수",앙끄레국수,제주특별자치도 서귀포시 법환상로2번길 97-18 (법환동),064 -739 -2999,
404,하반기,제주특별자치도,서귀포시,한식,활어회,만복해물탕,제주특별자치도 서귀포시 안덕면 산방로 53 (2층),064 -794 -0015,
405,하반기,제주특별자치도,서귀포시,한식,흑돼지구이,육값하네식육가든,제주특별자치도 서귀포시 남원읍 남조로 141,064 -764 -5053,
406,하반기,제주특별자치도,서귀포시,일식,활어회,선영횟집,"제주특별자치도 서귀포시 칠십리로 61-1, 1.5층 (서귀동)",064 -762 -4666,
407,하반기,제주특별자치도,서귀포시,한식,"흑돼지불고기, 지슬국수",괸당네식당,제주특별자치도 서귀포시 성산읍 독자봉로 2,064 -787 -1055,
408,하반기,제주특별자치도,서귀포시,한식,오리모듬세트. 생주물럭,금상첨화,제주특별자치도 서귀포시 동홍서로112번길 4-16 (동홍동),064 -762 -5292,
409,하반기,제주특별자치도,서귀포시,한식,흑돼지구이,만복흑돼지,제주특별자치도 서귀포시 안덕면 산방로 53,064 -792 -0095,
410,하반기,제주특별자치도,서귀포시,중식,중화요리,서귀포차이나타운,제주특별자치도 서귀포시 동홍로 332 (토평동),064 -733 -2111,
411,하반기,제주특별자치도,서귀포시,일식,활어회,성산어멍횟집,제주특별자치도 서귀포시 성산읍 동류암로39번길 9-2,064 -783 -1177,
412,하반기,제주특별자치도,서귀포시,한식,해장국,미향해장국효돈점,제주특별자치도 서귀포시 효돈로 11 (신효동),064 -767 -6767,
413,하반기,제주특별자치도,서귀포시,한식,정식,만조이천쌀밥,제주특별자치도 서귀포시 성산읍 성산중앙로 5,064 -784 -9794,
414,하반기,제주특별자치도,서귀포시,한식,고등어조림,제주해룡,제주특별자치도 서귀포시 성산읍 서성일로 753,064 -784 -8849,
415,하반기,제주특별자치도,서귀포시,한식,흑돼지구이,해뜸,제주특별자치도 서귀포시 표선면 민속해안로 584,064 -787 -7170,
416,하반기,제주특별자치도,서귀포시,한식,해장국,다올터,제주특별자치도 서귀포시 동문동로 6 (서귀동),064 -732 -6161,
417,하반기,제주특별자치도,서귀포시,한식,흑돼지구이,섭지골,제주특별자치도 서귀포시 성산읍 신양로 107,064 - 784-0014,
418,하반기,제주특별자치도,서귀포시,한식,통갈치요리,해마루,제주특별자치도 서귀포시 성산읍 일출로 84,064 -782 -1150,
419,하반기,제주특별자치도,서귀포시,한식,갈치조림,제주고가네,제주특별자치도 서귀포시 성산읍 성산중앙로19번길 14,064 -784 -5559,
420,하반기,제주특별자치도,서귀포시,한식,해물뚝배기,성산포 황금어장,제주특별자치도 서귀포시 성산읍 성산리 135 - 2 외 1필지 ,064 -783 -6684,
421,하반기,제주특별자치도,서귀포시,한식,뚝배기,아침바다,제주특별자치도 서귀포시 성산읍 일출로 253,064 -782 -7501,
422,하반기,제주특별자치도,서귀포시,한식,흑돼지구이,해월향,제주특별자치도 서귀포시 성산읍 고성오조로 33,064 -784 -4080,
423,하반기,제주특별자치도,서귀포시,한식,"옹심이손칼국수, 파전",황토기와집,제주특별자치도 서귀포시 일주서로 1102 (상예동),064 -739 -0575,
424,하반기,제주특별자치도,서귀포시,한식,흑돼지구이,서귀포흑돈,제주특별자치도 서귀포시 칠십리로 278 (토평동),064 -767 -9718,
425,하반기,제주특별자치도,서귀포시,일식,활어회,나그네쉼터어시장수산식당,제주특별자치도 서귀포시 남원읍 태위로 48,064 -764 -1821,
426,하반기,제주특별자치도,서귀포시,한식,통갈치구이,춘심이네,제주특별자치도 서귀포시 안덕면 창천중앙로24번길 16, 064- 794-4010,
427,하반기,제주특별자치도,서귀포시,한식,흑돼지구이,돈코복코,제주특별자치도 서귀포시 성산읍 일주동로 3968,064 -784 -6640,
428,하반기,제주특별자치도,서귀포시,일식,"물회, 회정식",서귀포바당물회,"제주특별자치도 서귀포시 태평로512번길 1-4, 1층 (동홍동)",064 -762 -8998,
429,하반기,제주특별자치도,서귀포시,한식,"항정살, 삼겹살구이",서귀포왕돌판구이,"제주특별자치도 서귀포시 태평로512번길 1-4, 1층 (동홍동)",064 -733 -1777,
430,하반기,제주특별자치도,서귀포시,한식,한정식,옛날옛적,제주특별자치도 서귀포시 성산읍 일주동로 4660,064 -784 -2252,
431,하반기,제주특별자치도,서귀포시,한식,돼지불고기,팔도강산성읍1리복지타운,"제주특별자치도 서귀포시 표선면 서성일로 74, 1층",064 -787 -1088,
432,하반기,제주특별자치도,서귀포시,한식,흑돼지구이,까망돼지서귀포점,"제주특별자치도 서귀포시 일주동로 8524, 1층 (토평동)",064 -732 -6542,
433,하반기,제주특별자치도,서귀포시,한식,돼지주물럭,임숙현돼지주물럭,제주특별자치도 서귀포시 표선면 표선동서로 70,064 -787 -9155,
434,하반기,제주특별자치도,서귀포시,한식,갈치조림,모다정,"제주특별자치도 서귀포시 성산읍 성산중앙로37번길 9, 1층",064 -782 -1805,
435,하반기,제주특별자치도,서귀포시,한식,"해물전골, 흑돼지구이",강정장원식당,제주특별자치도 서귀포시 강정동 2787 - 5 1층 ,064 -739 -9828,
436,하반기,제주특별자치도,서귀포시,한식,정식,오름에바당,"제주특별자치도 서귀포시 성산읍 한도로 90, 1층",064 -783 -7657,
437,하반기,제주특별자치도,서귀포시,한식,선지해장국,미향해장국성산점,"제주특별자치도 서귀포시 성산읍 일출로 9, 1층",064 -784 -9994,
438,하반기,제주특별자치도,서귀포시,한식,갈치조림,신옛촌,"제주특별자치도 서귀포시 안덕면 사계로 187-6, 1층",064 -794 -1688,
439,하반기,제주특별자치도,서귀포시,한식,"흑돼지구이, 갈비탕",삼미흑돼지,"제주특별자치도 서귀포시 색달중앙로 33, 1층 (색달동)",064 -739 -9392,
440,하반기,제주특별자치도,서귀포시,한식,흑돼지구이,"한가네흑돼지,해물전골전문",제주특별자치도 서귀포시 서호호근로 42 (서호동),064 -733 -1188,
441,하반기,제주특별자치도,서귀포시,중식,"짜장면, 짬뽕",만사성,"제주특별자치도 서귀포시 소암로 37, 1층 (서귀동)",064 -762 -3636,
442,하반기,제주특별자치도,서귀포시,한식,정식,은빌레식당,제주특별자치도 서귀포시 남원읍 한신로 247-3,064 -764 -2221,
443,하반기,제주특별자치도,서귀포시,한식,"대개, 킹크랩",대게나라,"제주특별자치도 서귀포시 신서귀로76번길 2, 지하1층 (서호동)",064 -739 -2797,
444,하반기,제주특별자치도,서귀포시,한식,"장어구이, 장어덮밥",풍천연가풍천장어참숯구이,"제주특별자치도 서귀포시 중앙로 104, 3동 (동홍동)",064 -733 -5222,
445,하반기,제주특별자치도,서귀포시,한식,삼계탕,고금삼계탕,제주특별자치도 서귀포시 표선면 번영로3428번길 7,064 -787 -6674,
446,하반기,제주특별자치도,서귀포시,한식,활어회,남원골포구랑,"제주특별자치도 서귀포시 남원읍 남원회관로 46, 1층",064 -764 -5954,
447,하반기,제주특별자치도,서귀포시,한식,돼지국밥,꽃가람,"제주특별자치도 서귀포시 성산읍 고성동서로 73, 1층",064 -783 -3939,
448,하반기,제주특별자치도,서귀포시,일식,"활어회, 매운탕",다금바리횟집,"제주특별자치도 서귀포시 대청로 37, 2층 (강정동)",064 -739 -1900,
449,하반기,제주특별자치도,서귀포시,한식,흑돼지구이,흑돗,"제주특별자치도 서귀포시 성산읍 신양로 69, 2층",064 -782 -9275,
450,하반기,제주특별자치도,서귀포시,한식,"복요리, 시래기갈치고등어조림",성산미소복집,"제주특별자치도 서귀포시 성산읍 서성일로 872-6, 1층 102호",064 -782 -5448,
451,하반기,제주특별자치도,서귀포시,한식,"브런치, 흑돼지스테이크",브런치더썸,제주특별자치도 서귀포시 일주동로 8921 (호근동),064 -738 -7100,
452,하반기,제주특별자치도,서귀포시,한식,정식,티라한식당,"제주특별자치도 서귀포시 성산읍 섭지코지로25번길 41, 1층",064 -786 -5382,
453,하반기,제주특별자치도,서귀포시,한식,흑돼지구이,멋진녀석들,제주특별자치도 서귀포시 표선면 민속해안로 570,064 -787 -7557,
454,하반기,제주특별자치도,서귀포시,일식,활어회,백록,"제주특별자치도 서귀포시 성산읍 섭지코지로25번길 12, 5동 1층",064 -782 -8002,
455,하반기,제주특별자치도,서귀포시,한식,바지락칼국수,일산바지락손칼국수,제주특별자치도 서귀포시 성산읍 일주동로 5595,064 -787 -7764,
456,하반기,제주특별자치도,서귀포시,경양식,돈까스,분식인,"제주특별자치도 서귀포시 중앙로117번길 3, 1층 (서홍동)",064 -787 -7277,
457,하반기,제주특별자치도,서귀포시,한식,"흑돼지구이, 양념갈비",늘품흑돼지,"제주특별자치도 서귀포시 이어도로 1048, 1층 (서호동)",064 -739 -4994,
458,하반기,제주특별자치도,서귀포시,일식,활어회,스시향,"제주특별자치도 서귀포시 대정읍 대한로 33, 1층",064 -794 -7973,
459,하반기,제주특별자치도,서귀포시,일식,"활어회, 매운탕",신관식당,"제주특별자치도 서귀포시 태평로439번길 42, 1층 (서귀동)",064 -763 -0479,
460,하반기,제주특별자치도,서귀포시,한식,돼지고기정식,셰프와흑돼지,제주특별자치도 서귀포시 안덕면 한창로110번길 62,064 -794 -7947,
461,하반기,제주특별자치도,서귀포시,한식,고등어조림,해왓,제주특별자치도 서귀포시 성산읍 신고로 30-1,064 -782 -5689,
462,하반기,제주특별자치도,서귀포시,한식,흑돼지구이,청솔나무집,제주특별자치도 서귀포시 성산읍 성산중앙로 25,064 -783 -5070,
463,하반기,제주특별자치도,서귀포시,경양식,"파스타, 필라프",라라코스트서귀포점,"제주특별자치도 서귀포시 일주동로 8670, 2층 (동홍동)",064 -733 -3321,
464,하반기,제주특별자치도,서귀포시,일식,활어회,표선일번회센타,제주특별자치도 서귀포시 표선면 표선중앙로 103,064 -787 -7277,
465,하반기,제주특별자치도,서귀포시,한식,"콩나물국밥, 황태콩나물국밥",24시전주명가콩나물국밥,"제주특별자치도 서귀포시 중정로62번길 4, 1층 (서귀동)",064 -762 -0650,
466,하반기,제주특별자치도,서귀포시,한식,흑돼지구이,서귀포걸메도야지,"제주특별자치도 서귀포시 일주동로 8733, 2층 (서귀동)",064 -762 -8534,