업종명,업소명,소재지,영업장면적(㎡),소재지전화,업태명,데이터기준일자
휴게음식점,커피보그,제주특별자치도 제주시 국기로 43 ,69.85,-,커피숍,2020-04-02
휴게음식점,씨유제주삼양해수욕장점,제주특별자치도 제주시 선사로8길 10,7,-,편의점,2020-04-02
휴게음식점,GS한라수목원,제주특별자치도 제주시 수목원길 65-6,6.6,-,편의점,2020-04-02
휴게음식점,터미널다방,제주특별자치도 제주시 서광로 174,139.91,-,다방,2020-04-02
휴게음식점,지에스25곽지해변점,제주특별자치도 제주시 애월읍 곽지1길 28,6,-,기타 휴게음식점,2020-04-02
휴게음식점,샐리가든커피법원점,제주특별자치도 제주시 남광북5길 2 ,90.79,-,커피숍,2020-04-02
휴게음식점,커피방앗간,제주특별자치도 제주시 남광로 65,34.75,-,커피숍,2020-04-02
휴게음식점,지에스25제주사평점,제주특별자치도 제주시 사평4길 24-10 ,6.6,-,편의점,2020-04-02
휴게음식점,모란뉴다방,제주특별자치도 제주시 중앙로 196,64.79,-,다방,2020-04-02
휴게음식점,북촌에가면,제주특별자치도 제주시 조천읍 북촌리 1262번지,99,-,커피숍,2020-04-02
휴게음식점,십칠(17)마일즈,제주특별자치도 제주시 조천읍 북흘로 112-2,78.65,-,커피숍,2020-04-02
휴게음식점,쥬씨연동점,제주특별자치도 제주시 신광로 46,16.04,-,커피숍,2020-04-02
휴게음식점,용가리는와플도둑,제주특별자치도 제주시 고마로 99,30,-,패스트푸드,2020-04-02
휴게음식점,킴스케이크,제주특별자치도 제주시 방일4길 45-2,28.88,-,커피숍,2020-04-02
휴게음식점,지에스25제주용흥점,제주특별자치도 제주시 용담로 89 ,6.6,-,편의점,2020-04-02
휴게음식점,호끌락,제주특별자치도 제주시 건입동 505번지,12,-,푸드트럭,2020-04-02
휴게음식점,지에스제주연문점,제주특별자치도 제주시 일주서로 7778,3.3,-,편의점,2020-04-02
휴게음식점,온도커피,제주특별자치도 제주시 노형동 937번지 ,151.8,-,커피숍,2020-04-02
휴게음식점,별밥,제주특별자치도 제주시 노형1길 18 ,40,-,기타 휴게음식점,2020-04-02
휴게음식점,마이다스pc방구내,제주특별자치도 제주시 중앙로28길 2,9.9,-,기타 휴게음식점,2020-04-02
휴게음식점,도도톳김밥,제주특별자치도 제주시 구좌읍 해맞이해안로 1460,54.76,-,커피숍,2020-04-02
휴게음식점,꽃향유,제주특별자치도 제주시 애월읍 고하상로 101,74.6,-,커피숍,2020-04-02
휴게음식점,까사델마레,제주특별자치도 제주시 조천읍 함와로 566-27,31.53,-,커피숍,2020-04-02
휴게음식점,커피산책,제주특별자치도 제주시 애월읍 광령9길 10-1,26.25,-,커피숍,2020-04-02
휴게음식점,쥬씨이도점,제주특별자치도 제주시 신성로13길 12,49.2,-,기타 휴게음식점,2020-04-02
휴게음식점,에코랜드피크닉가든,제주특별자치도 제주시 조천읍 남조로 1982 ,81.53,064-802-8000,커피숍,2020-04-02
휴게음식점,타이완슈가제주시청점,제주특별자치도 제주시 신성로13길 21,156.27,064-901-9192,커피숍,2020-04-02
휴게음식점,블루피시방,제주특별자치도 제주시 일도이동 47번지,6.6,064-723-7235,일반조리판매,2020-04-02
휴게음식점,교수회관매점,제주특별자치도 제주시 아라일동 1번지,68.24,064-724-7800,기타 휴게음식점,2020-04-02
휴게음식점,커피마씸본점,제주특별자치도 제주시 서사로 81 ,45.6,064-7257-246,커피숍,2020-04-02
휴게음식점,루머팡이도점,제주특별자치도 제주시 연신로 70 ,115.5,064-759-4949,커피숍,2020-04-02
휴게음식점,도넛앤커피,제주특별자치도 제주시 한림읍 한림로 127,27.18,064-7968-400,커피숍,2020-04-02
휴게음식점,커피상가,제주특별자치도 제주시 애월읍 상가목장길 31,49.29,070-4147-2977,일반조리판매,2020-04-02
휴게음식점,엠듀커피,제주특별자치도 제주시 중앙로7길 11,72.54,070-4217-9979,커피숍,2020-04-02
휴게음식점,씨유외도우정점,제주특별자치도 제주시 우정로 37,6.6,070-4228-2101,편의점,2020-04-02
휴게음식점,바다의별,제주특별자치도 제주시 구좌읍 동복로 5,60,070-4413-5695,커피숍,2020-04-02
휴게음식점,씨유제주탑동점,제주특별자치도 제주시 중앙로 34 ,6.6,070-4422-7626,편의점,2020-04-02
휴게음식점,친한친구분식,제주특별자치도 제주시 도근내길 22 ,33,070-4548-7179,일반조리판매,2020-04-02
휴게음식점,오름화덕피자,제주특별자치도 제주시 한경면 중산간서로 3662,75,070-4806-7721,패스트푸드,2020-04-02
휴게음식점,버터플라이,제주특별자치도 제주시 서광로2길 19,18.15,070-8147-0720,커피숍,2020-04-02
휴게음식점,레프트핸더,제주특별자치도 제주시 구좌읍 상도북2길 17-12 ,47,070-8274-0943,커피숍,2020-04-02
휴게음식점,카페달로,제주특별자치도 제주시 구남동5길 10 ,133.94,070-8839-2902,커피숍,2020-04-02
휴게음식점,GS25제주관광대점,제주특별자치도 제주시 애월읍 평화로 2727,6.6,070-8876-8258,편의점,2020-04-02
휴게음식점,작은집요기,제주특별자치도 제주시 구좌읍 평대10길 40,72.71,-,일반조리판매,2020-04-02
휴게음식점,뮤즈카페,제주특별자치도 제주시 인다8길 4,133.76,-,커피숍,2020-04-02
휴게음식점,자매분식,제주특별자치도 제주시 연삼로 670 ,32,-,일반조리판매,2020-04-02
휴게음식점,요츠바,제주특별자치도 제주시 월구길 4 ,44.79,-,커피숍,2020-04-02
휴게음식점,도리앤커피,제주특별자치도 제주시 조천읍 비자림로 645,15.3,-,커피숍,2020-04-02
휴게음식점,스토리카페담,제주특별자치도 제주시 한경면 청수서5길 1-12,58.08,-,커피숍,2020-04-02
휴게음식점,커피스탬프,제주특별자치도 제주시 중앙로 388 ,65.32,-,커피숍,2020-04-02
휴게음식점,감성커피화북점,제주특별자치도 제주시 일주동로 183 ,71.25,-,커피숍,2020-04-02
휴게음식점,테바스토리,제주특별자치도 제주시 애월읍 하광로 42-1,30,-,커피숍,2020-04-02
휴게음식점,빌레와너드랑,제주특별자치도 제주시 조천읍 선흘남4길 286-3,34,-,일반조리판매,2020-04-02
휴게음식점,반양,제주특별자치도 제주시 한경면 한경해안로 342,113.94,-,일반조리판매,2020-04-02
휴게음식점,카페마체베트제주KT,제주특별자치도 제주시 전농로 114 ,53.69,-,커피숍,2020-04-02
휴게음식점,도서관가는길커피집,제주특별자치도 제주시 오남로 224 ,9,-,커피숍,2020-04-02
휴게음식점,늘봄커피편의점,제주특별자치도 제주시 한라대학로 12 ,28.8,-,커피숍,2020-04-02
휴게음식점,길동무,제주특별자치도 제주시 한경면 중산간서로 3689,62.5,-,일반조리판매,2020-04-02
휴게음식점,레터스투씨리얼,제주특별자치도 제주시 서해안로 210,101.67,-,기타 휴게음식점,2020-04-02
휴게음식점,베스킨라빈스제주대학교점,제주특별자치도 제주시 제주대학로 102 ,115,-,기타 휴게음식점,2020-04-02
휴게음식점,주유소휴게소구내,제주특별자치도 제주시 구좌읍 비자림로 1219,29.46,-,일반조리판매,2020-04-02
휴게음식점,커피러빗,제주특별자치도 제주시 아란8길 5 ,77.86,-,커피숍,2020-04-02
휴게음식점,방울토마토,제주특별자치도 제주시 남광북5길 2 ,105,-,커피숍,2020-04-02
휴게음식점,파스쿠찌제주노형점,제주특별자치도 제주시 연북로 25 ,188.92,-,커피숍,2020-04-02
휴게음식점,구름위에둥둥,제주특별자치도 제주시 구남동2길 47,55,-,커피숍,2020-04-02
휴게음식점,스쿨존PC방,제주특별자치도 제주시 중앙로23길 2 ,9.9,-,기타 휴게음식점,2020-04-02
휴게음식점,밸란디,제주특별자치도 제주시 구좌읍 면수길 57-1,36.49,-,커피숍,2020-04-02
휴게음식점,먹쿠슬낭여행자카페,제주특별자치도 제주시 오라로 24 ,33,-,커피숍,2020-04-02
휴게음식점,그린피시방,제주특별자치도 제주시 중앙로 140 ,4,-,기타 휴게음식점,2020-04-02
휴게음식점,유창구내식당,제주특별자치도 제주시 한림읍 명월남길 53,100,-,일반조리판매,2020-04-02
휴게음식점,마실온다메,제주특별자치도 제주시 애월읍 녹고메길 165,49.47,-,커피숍,2020-04-02
휴게음식점,보미네분식,제주특별자치도 제주시 한림읍 한림로 696,33,-,일반조리판매,2020-04-02
휴게음식점,지구아이,제주특별자치도 제주시 전농로 115,98,-,커피숍,2020-04-02
휴게음식점,씨유제주평화로점,제주특별자치도 제주시 애월읍 하광로 533,3.3,-,편의점,2020-04-02
휴게음식점,GS25제주삼화점,제주특별자치도 제주시 화삼북로2길 32 ,3,-,편의점,2020-04-02
휴게음식점,오렌지파레트,제주특별자치도 제주시 남광로 9 ,67.13,-,커피숍,2020-04-02
휴게음식점,마이티커피,제주특별자치도 제주시 구남동6길 11 ,146,-,커피숍,2020-04-02
휴게음식점,씨유제주오현점,제주특별자치도 제주시 일주동로 95 ,3.3,-,편의점,2020-04-02
휴게음식점,스타벅스커피제주용담DT,제주특별자치도 제주시 서해안로 380,379.7,-,커피숍,2020-04-02
휴게음식점,아이비스피씨방 구내,제주특별자치도 제주시 중앙로 132,5.6,-,기타 휴게음식점,2020-04-02
휴게음식점,커피구십구점구,제주특별자치도 제주시 1100로 3173 ,86.55,-,커피숍,2020-04-02
휴게음식점,GS25제주서부관광점,제주특별자치도 제주시 노형로 39 ,6.6,-,편의점,2020-04-02
휴게음식점,샤라의정원,제주특별자치도 제주시 조천읍 선교로 198-2,112.93,-,커피숍,2020-04-02
휴게음식점,커피초아,제주특별자치도 제주시 동화로1길 57 ,105.04,-,커피숍,2020-04-02
휴게음식점,카페베로니,제주특별자치도 제주시 신성로 60 ,16.4,-,커피숍,2020-04-02
휴게음식점,신비의사랑,제주특별자치도 제주시 1100로 2933 ,90,-,커피숍,2020-04-02
휴게음식점,영재,제주특별자치도 제주시 진서로 16,6.6,-,일반조리판매,2020-04-02
휴게음식점,벨롱,제주특별자치도 제주시 구좌읍 해맞이해안로 1652,129.64,-,커피숍,2020-04-02
휴게음식점,씨유제주사라봉점,제주특별자치도 제주시 임항로 279 ,6.6,-,편의점,2020-04-02
휴게음식점,제주고로케,제주특별자치도 제주시 조천읍 신북로 223,67.8,-,패스트푸드,2020-04-02
휴게음식점,꽃피는커피,제주특별자치도 제주시 정존7길 19 ,114.25,-,커피숍,2020-04-02
휴게음식점,하이루PC방,제주특별자치도 제주시 연동 291번지 ,12,-,기타 휴게음식점,2020-04-02
휴게음식점,봉쉡망고월정점,제주특별자치도 제주시 구좌읍 월정7길 62-1,60,-,일반조리판매,2020-04-02
휴게음식점,GS25제주간드락점,제주특별자치도 제주시 간월동로 10 ,3.3,-,편의점,2020-04-02
휴게음식점,스쿨존구내,제주특별자치도 제주시 서광로 257 ,16.5,-,일반조리판매,2020-04-02
휴게음식점,쉴만한물가,제주특별자치도 제주시 한림읍 월령안길 28,51.57,-,일반조리판매,2020-04-02
휴게음식점,마스트PC방,제주특별자치도 제주시 노형동 1576번지 ,9.9,-,기타 휴게음식점,2020-04-02
휴게음식점,카페베네중앙병원점,제주특별자치도 제주시 월랑로 91 ,62.8,-,커피숍,2020-04-02
휴게음식점,한국맥도날드제주노형점,제주특별자치도 제주시 노연로 7,722.41,-,패스트푸드,2020-04-02
휴게음식점,스타벅스커피신제주이마트점,제주특별자치도 제주시 1100로 3348 ,97.94,-,커피숍,2020-04-02
휴게음식점,태봉이네,제주특별자치도 제주시 원노형남1길 43 ,26.46,-,일반조리판매,2020-04-02
휴게음식점,아이닉스,제주특별자치도 제주시 용문로 146 ,9.9,-,기타 휴게음식점,2020-04-02
휴게음식점,하하호호,제주특별자치도 제주시 우도면 우도해안길 532 ,127.89,-,커피숍,2020-04-02
휴게음식점,씨유제주용문점,제주특별자치도 제주시 과원북4길 11 ,6.6,-,편의점,2020-04-02
휴게음식점,스타돈까스,제주특별자치도 제주시 노형로 407,60.3,-,일반조리판매,2020-04-02
휴게음식점,일주마트,제주특별자치도 제주시 일주서로 7735 ,13,-,일반조리판매,2020-04-02
휴게음식점,전농로일공일,제주특별자치도 제주시 전농로 101,62.54,-,커피숍,2020-04-02
휴게음식점,두루,제주특별자치도 제주시 정존5길 36 ,59.4,-,기타 휴게음식점,2020-04-02
휴게음식점,미스터피자제주로데오점,제주특별자치도 제주시 관덕로11길 3 ,240.96,-,일반조리판매,2020-04-02
휴게음식점,고산농협하나로마트분식,제주특별자치도 제주시 한경면 용고로 81,27.22,-,일반조리판매,2020-04-02
휴게음식점,노을언덕,제주특별자치도 제주시 서해안로 360,242,-,기타 휴게음식점,2020-04-02
휴게음식점,가을다방,제주특별자치도 제주시 고마로 4 ,116.07,-,다방,2020-04-02
휴게음식점,와우PC방구내,제주특별자치도 제주시 월랑로 47,4.35,-,기타 휴게음식점,2020-04-02
휴게음식점,버무리떡볶이노형점,제주특별자치도 제주시 정존11길 39 ,45.57,-,일반조리판매,2020-04-02
휴게음식점,돌하르방,제주특별자치도 제주시 중앙로 415 ,3.36,-,일반조리판매,2020-04-02
휴게음식점,지에스25제주신대로점,제주특별자치도 제주시 선덕로4길 22 ,3.3,-,편의점,2020-04-02
휴게음식점,동진여객구내,제주특별자치도 제주시 서광로 178-6 ,14.04,-,일반조리판매,2020-04-02
휴게음식점,공차제주일도점,제주특별자치도 제주시 고마로 101 ,50,-,과자점,2020-04-02
휴게음식점,카페슬로리,제주특별자치도 제주시 애월읍 유수암로 110,75,-,커피숍,2020-04-02
휴게음식점,카페로지,제주특별자치도 제주시 제주대학로 117 ,131.28,-,커피숍,2020-04-02
휴게음식점,커피존코챠스키,제주특별자치도 제주시 구남로4길 8-1,9.9,-,커피숍,2020-04-02
휴게음식점,공심,제주특별자치도 제주시 연신로 30 ,66,-,일반조리판매,2020-04-02
휴게음식점,와플과용가리,제주특별자치도 제주시 중앙로 234 ,3.3,-,일반조리판매,2020-04-02
휴게음식점,제주맘씨,제주특별자치도 제주시 애월읍 애월해안로 454-3,178.07,-,커피숍,2020-04-02
휴게음식점,딱따구리문구슈퍼,제주특별자치도 제주시 서광로11길 28 ,10.54,-,기타 휴게음식점,2020-04-02
휴게음식점,미쓰고로케,제주특별자치도 제주시 신광로 38,36.3,-,일반조리판매,2020-04-02
휴게음식점,카페띠아모신제주점,제주특별자치도 제주시 신광로 43-1,99.5,064-478-6678,커피숍,2020-04-02
휴게음식점,만두사랑,제주특별자치도 제주시 신성로10길 9,33,064-702-0039,일반조리판매,2020-04-02
휴게음식점,(주)제주컨트리구락부,제주특별자치도 제주시 영평동 2263번지 ,111.7,064-702-0055,기타 휴게음식점,2020-04-02
휴게음식점,안녕돌하르방,제주특별자치도 제주시 조천읍 북촌서1길 70,69.87,064-702-0570,기타 휴게음식점,2020-04-02
휴게음식점,만두하우스,제주특별자치도 제주시 연신로 66 ,75.26,064-702-0889,일반조리판매,2020-04-02
휴게음식점,주먹이네,제주특별자치도 제주시 남광로4길 29 ,26,064-702-0906,일반조리판매,2020-04-02
휴게음식점,씨유제주중앙여중점,제주특별자치도 제주시 중앙로24길 27,3.3,064-702-1288,편의점,2020-04-02
휴게음식점,카페띠아모제주법원점,제주특별자치도 제주시 구남로 56 ,60.31,064-702-1478,커피숍,2020-04-02
휴게음식점,교래뜰,제주특별자치도 제주시 조천읍 교래4길 36,59.46,064-702-1479,커피숍,2020-04-02
휴게음식점,지에스25제대후문점,제주특별자치도 제주시 산천단동2길 20,6.6,064-702-2025,편의점,2020-04-02
휴게음식점,도남명진,제주특별자치도 제주시 도남로5길 5 ,49.5,064-702-2923,일반조리판매,2020-04-02
휴게음식점,거인의정원,제주특별자치도 제주시 대원길 58,165,064-702-3237,커피숍,2020-04-02
휴게음식점,일광다방,제주특별자치도 제주시 서사로 10 ,48.8,064-702-3245,다방,2020-04-02
휴게음식점,신전떡볶이인제점,제주특별자치도 제주시 고마로 87,49,064-702-3772,패스트푸드,2020-04-02
휴게음식점,학사휴게실,제주특별자치도 제주시 아라일동 1번지 ,238.08,064-702-5009,기타 휴게음식점,2020-04-02
휴게음식점,김밥천국제주대학점,제주특별자치도 제주시 제주대학로 103-1 ,68.89,064-702-6009,일반조리판매,2020-04-02
휴게음식점,소풍,제주특별자치도 제주시 가령로 59 ,39.05,064-702-6279,일반조리판매,2020-04-02
휴게음식점,일도먹거리,제주특별자치도 제주시 연수로3길 6 ,9.9,064-702-6665,기타 휴게음식점,2020-04-02
휴게음식점,카페띠아모제주대점,제주특별자치도 제주시 제주대학로 109 ,66,064-702-7498,커피숍,2020-04-02
휴게음식점,씨유제주서광로점,제주특별자치도 제주시 서광로 254-1 ,9.9,064-702-9302,편의점,2020-04-02
휴게음식점,맘스터치일도동문점,제주특별자치도 제주시 동문로 55 ,20.24,064-702-9933,기타 휴게음식점,2020-04-02
휴게음식점,마카롱카페,제주특별자치도 제주시 구남동5길 32-1 ,73.36,064-702-9982,커피숍,2020-04-02
휴게음식점,제대김밥,제주특별자치도 제주시 산천단동3길 26,85.95,-,일반조리판매,2020-04-02
휴게음식점,제주현대미술관아트샵,제주특별자치도 제주시 한경면 저지14길 35,85.5,064-710-7800,일반조리판매,2020-04-02
휴게음식점,한라도서관구내,제주특별자치도 제주시 오남로 221 ,196.3,064-710-8665,일반조리판매,2020-04-02
휴게음식점,세븐일레븐노형이레점,제주특별자치도 제주시 연북로 12 ,6,064-711-0471,편의점,2020-04-02
휴게음식점,나무식탁,제주특별자치도 제주시 도령로 170,51.5,064-711-0649,커피숍,2020-04-02
휴게음식점,불티나왕만두신제주점,제주특별자치도 제주시 노연로 144 ,20.35,064-711-0940,일반조리판매,2020-04-02
휴게음식점,오렌지,제주특별자치도 제주시 서해안로 236,12.6,064-711-1000,기타 휴게음식점,2020-04-02
휴게음식점,GS25제주이호점,제주특별자치도 제주시 일주서로 7519 ,6.6,064-711-1077,편의점,2020-04-02
휴게음식점,김가네노형점,제주특별자치도 제주시 원노형로 3 ,36.8,064-711-1118,일반조리판매,2020-04-02
휴게음식점,마루카페,제주특별자치도 제주시 달마루길 18,144.42,064-711-1887,커피숍,2020-04-02
휴게음식점,스무디킹이마트신제주점,제주특별자치도 제주시 1100로 3348,14,064-711-1907,커피숍,2020-04-02
휴게음식점,지에스25노형신비점,제주특별자치도 제주시 한라대학로 99,9.9,064-711-1982,편의점,2020-04-02
휴게음식점,용두암해수랜드2층매점,제주특별자치도 제주시 서해안로 630 ,15.08,064-711-2462,일반조리판매,2020-04-02
휴게음식점,파스쿠찌용담해안도로점,제주특별자치도 제주시 서해안로 506,283,064-711-3001,커피숍,2020-04-02
휴게음식점,씨유도두항점,제주특별자치도 제주시 서해안로 164 ,9.9,064-711-3025,편의점,2020-04-02
휴게음식점,토프레소연동점,제주특별자치도 제주시 과원로 55,101.07,064-711-3405,커피숍,2020-04-02
휴게음식점,씨유제주아모렉스리조트점,제주특별자치도 제주시 서해안로 216 ,6.6,064-711-3728,편의점,2020-04-02
휴게음식점,부림온천구내매점(제1호),제주특별자치도 제주시 과원로 70 ,49.5,064-711-4000,기타 휴게음식점,2020-04-02
휴게음식점,부림온천구내매점(제2호),제주특별자치도 제주시 과원로 70 ,49.5,064-711-4000,기타 휴게음식점,2020-04-02
휴게음식점,도린곁,제주특별자치도 제주시 종천길 17 ,88.74,064-711-4061,커피숍,2020-04-02
휴게음식점,커피파니,제주특별자치도 제주시 우정로5길 26,89.53,064-711-5210,커피숍,2020-04-02
휴게음식점,시마,제주특별자치도 제주시 노형2길 47-4,33.64,064-711-5810,커피숍,2020-04-02
휴게음식점,심지유향,제주특별자치도 제주시 노연로 89,165.73,064-711-5949,커피숍,2020-04-02
휴게음식점,김밥마로,제주특별자치도 제주시 월랑로4길 42,48.36,064-711-6503,일반조리판매,2020-04-02
휴게음식점,세븐일레븐도두봉점,제주특별자치도 제주시 서해안로 191,4.8,064-711-6947,편의점,2020-04-02
휴게음식점,제주빈,제주특별자치도 제주시 정존7길 3,59.4,064-711-7158,커피숍,2020-04-02
휴게음식점,호봉토스트노형점,제주특별자치도 제주시 월랑로 16,35.7,064-711-7288,패스트푸드,2020-04-02
휴게음식점,드롭탑제주용담해안도로점,제주특별자치도 제주시 서해안로 540,186.7,064-711-7667,커피숍,2020-04-02
휴게음식점,바세츠아이스크림제주연동점,제주특별자치도 제주시 원노형로 84 ,63.65,064-711-7677,커피숍,2020-04-02
휴게음식점,(주)베이시스,제주특별자치도 제주시 연북로 1 ,66,064-711-7736,일반조리판매,2020-04-02
휴게음식점,진영,제주특별자치도 제주시 우정로15길 13 ,7.1,064-711-8153,기타 휴게음식점,2020-04-02
휴게음식점,지에스25제주도청점,제주특별자치도 제주시 신대로 63 ,6.6,064-712-0067,편의점,2020-04-02
휴게음식점,산책,제주특별자치도 제주시 애월읍 고내로7길 49,53,064-712-0373,커피숍,2020-04-02
휴게음식점,카페이안갤러리,제주특별자치도 제주시 첨단로 213-4,165,064-712-0567,커피숍,2020-04-02
휴게음식점,맛짱김밥노형점,제주특별자치도 제주시 원노형남1길 45 ,23.4,064-712-0991,일반조리판매,2020-04-02
휴게음식점,롯데리아제주공항점,제주특별자치도 제주시 공항로 2 ,242.25,064-712-1248,패스트푸드,2020-04-02
휴게음식점,지에스25제주에스중앙병원점,제주특별자치도 제주시 월랑로 91,6.6,064-712-2212,편의점,2020-04-02
휴게음식점,씨유제주이호행운점,제주특별자치도 제주시 일주서로 7525 ,6.6,064-712-2447,일반조리판매,2020-04-02
휴게음식점,씨유제주한라점,제주특별자치도 제주시 진군중길 1,3.3,064-712-3230,편의점,2020-04-02
휴게음식점,씨유제주외도점,제주특별자치도 제주시 우정로 58 ,7,064-712-3480,편의점,2020-04-02
휴게음식점,지에스25외도월대점,제주특별자치도 제주시 도근내길 24,9.9,064-712-4578,편의점,2020-04-02
휴게음식점,주식회사비엔도두지점,제주특별자치도 제주시 서해안로 150 ,169.07,064-712-4868,커피숍,2020-04-02
휴게음식점,난타오천피자외도점,제주특별자치도 제주시 우정로11길 14,66,064-712-5092,일반조리판매,2020-04-02
휴게음식점,지에스제주공룡랜드점,제주특별자치도 제주시 애월읍 하광로 515-2,4.96,064-712-5251,기타 휴게음식점,2020-04-02
휴게음식점,미래언니네분식,제주특별자치도 제주시 수덕3길 33 ,30,064-712-5559,일반조리판매,2020-04-02
휴게음식점,해피로피씨,제주특별자치도 제주시 신광로 39,6.63,064-712-7083,기타 휴게음식점,2020-04-02
휴게음식점,차마실,제주특별자치도 제주시 애월읍 하귀동남1길 32-15,82.8,064-712-7714,전통찻집,2020-04-02
휴게음식점,씨유뉴메르헨점,제주특별자치도 제주시 연북로 41,6.6,064-712-7778,편의점,2020-04-02
휴게음식점,수목원가는길,제주특별자치도 제주시 1100로 3222 ,90.49,064-712-8380,기타 휴게음식점,2020-04-02
휴게음식점,떼르떼,제주특별자치도 제주시 수덕로 81 ,115.3,064-712-8877,커피숍,2020-04-02
휴게음식점,안단테,제주특별자치도 제주시 노형7길 9-16,225.8,064-712-9103,커피숍,2020-04-02
휴게음식점,네꼬야티하우스,제주특별자치도 제주시 애월읍 하귀9길 15,137.95,064-712-9500,커피숍,2020-04-02
휴게음식점,코바코노형점,제주특별자치도 제주시 수덕9길 86-3 ,39.6,064-712-9849,일반조리판매,2020-04-02
휴게음식점,신덴뿌라,제주특별자치도 제주시 은남3길 42,12.25,064-712-9872,일반조리판매,2020-04-02
휴게음식점,버거킹제주이마트점,제주특별자치도 제주시 1100로 3348 ,202.66,064-713-0243,패스트푸드,2020-04-02
휴게음식점,수영코사마트구내,제주특별자치도 제주시 애월읍 일주서로 6754,9.9,064-713-0821,편의점,2020-04-02
휴게음식점,고전떡볶이한라대점,제주특별자치도 제주시 한라대학로 71 ,18.17,064-713-0982,기타 휴게음식점,2020-04-02
휴게음식점,피엠푸드신제주점,제주특별자치도 제주시 과원북2길 18,42.84,064-713-1032,패스트푸드,2020-04-02
휴게음식점,성미분식,제주특별자치도 제주시 애월읍 하귀2리 17503번지 ,0,064-713-1151,과자점,2020-04-02
휴게음식점,초계미술관,제주특별자치도 제주시 애월읍 애월해안로 872,33,064-713-2742,커피숍,2020-04-02
휴게음식점,씨유제주하귀점,제주특별자치도 제주시 애월읍 하귀로 39-1,19.6,064-713-3455,편의점,2020-04-02
휴게음식점,씨유제주탐라점,제주특별자치도 제주시 신설로 36 ,6.6,064-713-3816,편의점,2020-04-02
휴게음식점,비아제주,제주특별자치도 제주시 삼무로9길 11,62.4,064-713-3911,커피숍,2020-04-02
휴게음식점,소낭뜰,제주특별자치도 제주시 열녀길 8 ,162.18,064-713-3999,커피숍,2020-04-02
휴게음식점,지에스25외도대박점,제주특별자치도 제주시 우정로16길 30,6.6,064-713-4578,편의점,2020-04-02
휴게음식점,지에스25노형한빛점,제주특별자치도 제주시 원노형남1길 8 ,6.6,064-713-5456,편의점,2020-04-02
휴게음식점,신엄해녀의집,제주특별자치도 제주시 애월읍 애월해안로 591,37,064-713-9366,일반조리판매,2020-04-02
휴게음식점,(주)비지에프리테일제주대학병원점,제주특별자치도 제주시 아란13길 15 ,6.6,064-717-2784,편의점,2020-04-02
휴게음식점,제대가는길,제주특별자치도 제주시 제주대학로 75-1,63.36,064-721-0110,기타 휴게음식점,2020-04-02
휴게음식점,지에스25동광양점,제주특별자치도 제주시 동광로 21-1 ,6.6,064-721-0125,편의점,2020-04-02
휴게음식점,GS25연동바다점,제주특별자치도 제주시 제원길 14 ,3.3,064-721-0125,편의점,2020-04-02
휴게음식점,서희원꼬지닷컴제주삼성점,제주특별자치도 제주시 서광로29길 21,32.49,064-721-0330,일반조리판매,2020-04-02
휴게음식점,씨유제주고마로점,제주특별자치도 제주시 고마로3길 33 ,13.2,064-721-0455,편의점,2020-04-02
휴게음식점,하림,제주특별자치도 제주시 남광로 206 ,18.9,064-721-1374,일반조리판매,2020-04-02
휴게음식점,김밥명가노형점,제주특별자치도 제주시 월랑로 13 ,57.2,064-721-2283,일반조리판매,2020-04-02
휴게음식점,또와분식,제주특별자치도 제주시 신산로15길 38-1 ,16.5,064-721-2865,일반조리판매,2020-04-02
휴게음식점,탐라푸드,제주특별자치도 제주시 연미2길 34 ,59.9,064-721-4789,일반조리판매,2020-04-02
휴게음식점,다손,제주특별자치도 제주시 오현길 48 ,10.58,064-721-5365,기타 휴게음식점,2020-04-02
휴게음식점,맛짱김밥대기점,제주특별자치도 제주시 번영로 462 ,42.9,064-721-5555,일반조리판매,2020-04-02
휴게음식점,혜원다실,제주특별자치도 제주시 중산간동로 31,46.2,064-721-5571,전통찻집,2020-04-02
휴게음식점,카페헤이브라운,제주특별자치도 제주시 아란2길 59,152.71,064-721-5955,커피숍,2020-04-02
휴게음식점,향토,제주특별자치도 제주시 청귤로 32 ,32.17,064-721-6082,기타 휴게음식점,2020-04-02
휴게음식점,호봉토스트법원점,제주특별자치도 제주시 중앙로 320-2,28.35,064-721-7326,커피숍,2020-04-02
휴게음식점,7번가피자아라점,제주특별자치도 제주시 중앙로 553,72.6,064-721-7767,패스트푸드,2020-04-02
휴게음식점,산해진미,제주특별자치도 제주시 조천읍 와흘로 369 ,138.79,064-721-8811,일반조리판매,2020-04-02
휴게음식점,우리코코,제주특별자치도 제주시 서광로29길 36 ,28.16,064-721-9110,일반조리판매,2020-04-02
휴게음식점,파인더,제주특별자치도 제주시 서광로32길 20,83.1,064-722-0054,커피숍,2020-04-02
휴게음식점,락희,제주특별자치도 제주시 서사로 77 ,79.18,064-722-0240,다방,2020-04-02
휴게음식점,성판악휴게음식점,제주특별자치도 제주시 조천읍 516로 1865,168.1,064-722-0509,기타 휴게음식점,2020-04-02
휴게음식점,위더스트래블,제주특별자치도 제주시 인다9길 29,89.91,064-722-0823,커피숍,2020-04-02
휴게음식점,이디야커피중앙점,제주특별자치도 제주시 관덕로13길 2,98.86,064-722-0907,커피숍,2020-04-02
휴게음식점,씨유제주사라점,제주특별자치도 제주시 사라봉길 10 ,6.6,064-722-1235,편의점,2020-04-02
휴게음식점,에스프레사멘테일리제주사이언스점,제주특별자치도 제주시 첨단로 216-19,97.5,064-722-1278,커피숍,2020-04-02
휴게음식점,편한세상,제주특별자치도 제주시 중앙로 163,106.68,064-722-1585,커피숍,2020-04-02
휴게음식점,빠빠라기,제주특별자치도 제주시 중앙로 218 ,99,064-722-1888,기타 휴게음식점,2020-04-02
휴게음식점,생느행,제주특별자치도 제주시 중앙로7길 3,254.17,064-722-2625,커피숍,2020-04-02
휴게음식점,동천마트,제주특별자치도 제주시 동문로 10 ,16.6,064-722-2641,편의점,2020-04-02
휴게음식점,대동호텔구내,제주특별자치도 제주시 관덕로15길 6 ,103.76,064-722-3070,일반조리판매,2020-04-02
휴게음식점,로이셀,제주특별자치도 제주시 신설로9길 25,136.81,064-722-3341,커피숍,2020-04-02
휴게음식점,대양,제주특별자치도 제주시 건입동 1430번지 ,90,064-722-3525,기타 휴게음식점,2020-04-02
휴게음식점,성하,제주특별자치도 제주시 동광로 12,119.5,064-722-3796,다방,2020-04-02
휴게음식점,프라임,제주특별자치도 제주시 탑동로 38 ,32.04,064-722-3838,일반조리판매,2020-04-02
휴게음식점,씨유제주한라대점,제주특별자치도 제주시 노형동 1551번지,6.38,064-722-3898,편의점,2020-04-02
휴게음식점,금호,제주특별자치도 제주시 용담일동 145번지 ,59,064-722-3929,기타 휴게음식점,2020-04-02
휴게음식점,김가네화북점,제주특별자치도 제주시 진남로6길 3 ,45.88,064-722-4416,일반조리판매,2020-04-02
휴게음식점,성지편의점구내,제주특별자치도 제주시 동광로 131,16.38,064-722-4580,기타 휴게음식점,2020-04-02
휴게음식점,동원,제주특별자치도 제주시 동문로 18 ,67.32,064-722-4867,다방,2020-04-02
휴게음식점,초록꿈,제주특별자치도 제주시 서회천길 10,75.24,064-722-4942,일반조리판매,2020-04-02
휴게음식점,땡초김밥싱싱왕만두도남점,제주특별자치도 제주시 신성로 77 ,34.68,064-722-5791,일반조리판매,2020-04-02
휴게음식점,카페베네제주점,제주특별자치도 제주시 관덕로11길 5,240.96,064-722-6232,커피숍,2020-04-02
휴게음식점,동신,제주특별자치도 제주시 광양4길 2 ,92,064-722-6505,다방,2020-04-02
휴게음식점,고궁,제주특별자치도 제주시 동광로 1 ,124.11,064-722-6620,다방,2020-04-02
휴게음식점,석류,제주특별자치도 제주시 신산로 14,107.28,064-722-7229,다방,2020-04-02
휴게음식점,열린,제주특별자치도 제주시 중앙로 281 ,56.1,064-722-7414,기타 휴게음식점,2020-04-02
휴게음식점,배또롱,제주특별자치도 제주시 태성로2길 25,33,064-722-7520,패스트푸드,2020-04-02
휴게음식점,빨강떡볶이,제주특별자치도 제주시 일주동로 254 ,33,064-722-7882,일반조리판매,2020-04-02
휴게음식점,지에스25일도신천지점,제주특별자치도 제주시 천수로 85,6.6,064-722-8528,편의점,2020-04-02
휴게음식점,맥도날드제주시청디티점,제주특별자치도 제주시 중앙로 277,523.78,064-722-8691,패스트푸드,2020-04-02
휴게음식점,어머니김밥,제주특별자치도 제주시 번영로 518 ,13.2,064-722-8955,기타 휴게음식점,2020-04-02
휴게음식점,아봉로휴게소구내,제주특별자치도 제주시 아봉로 164,6.6,064-722-9312,편의점,2020-04-02
휴게음식점,세븐일레븐제주대기고점,제주특별자치도 제주시 삼봉로 352-2,9.2,064-723-0034,기타 휴게음식점,2020-04-02
휴게음식점,옛날짜장,제주특별자치도 제주시 탑동로 38 ,43.1,064-723-0054,기타 휴게음식점,2020-04-02
휴게음식점,모리노코에,제주특별자치도 제주시 구남로2길 30,75.79,064-723-0099,커피숍,2020-04-02
휴게음식점,신산배꼽시계,제주특별자치도 제주시 고마로17길 11,13.44,064-723-0745,일반조리판매,2020-04-02
휴게음식점,커피로카,제주특별자치도 제주시 고마로 86 ,88.29,064-723-0800,커피숍,2020-04-02
휴게음식점,땡초김밥싱싱왕만두,제주특별자치도 제주시 번영로 468 ,72.16,064-723-0908,일반조리판매,2020-04-02
휴게음식점,씨유제주삼양대로점,제주특별자치도 제주시 일주동로 326 ,6.6,064-723-1010,편의점,2020-04-02
휴게음식점,사랑방,제주특별자치도 제주시 중앙로 201 ,115.5,064-723-1044,다방,2020-04-02
휴게음식점,CU오복점,제주특별자치도 제주시 오복3길 14 ,14,064-723-1178,편의점,2020-04-02
휴게음식점,프라임도너츠,제주특별자치도 제주시 관덕로4길 1-5 ,17.4,064-723-1187,과자점,2020-04-02
휴게음식점,모닥치기2호점,제주특별자치도 제주시 연삼로 412,50.2,064-723-224,일반조리판매,2020-04-02
휴게음식점,김가네도남점,제주특별자치도 제주시 연삼로 332 ,66,064-723-2777,일반조리판매,2020-04-02
휴게음식점,박하다방,제주특별자치도 제주시 중앙로 88-6,58.58,064-723-3334,다방,2020-04-02
휴게음식점,카페빠네띠에,제주특별자치도 제주시 신설로9길 25 ,131.91,064-723-3337,커피숍,2020-04-02
휴게음식점,꽃님이네,제주특별자치도 제주시 이도이동 1008번지 ,7.48,064-723-3835,일반조리판매,2020-04-02
휴게음식점,카페퐁낭,제주특별자치도 제주시 명림로 430,108.44,064-723-4374,커피숍,2020-04-02
휴게음식점,주식회사비엔광양지점,제주특별자치도 제주시 동광로 35,105.97,064-723-4868,커피숍,2020-04-02
휴게음식점,이레하우스,제주특별자치도 제주시 신설동길 45-9,132.78,064-723-5150,커피숍,2020-04-02
휴게음식점,더해피타임,제주특별자치도 제주시 제주대학로 102,45.54,064-723-5554,커피숍,2020-04-02
휴게음식점,지유명차제주이도점,제주특별자치도 제주시 독짓골8길 7,185.4,064-723-5634,커피숍,2020-04-02
휴게음식점,씨유제주터미널점,제주특별자치도 제주시 서광로 166,6.6,064-723-6518,편의점,2020-04-02
휴게음식점,인화동벚꽃다방,제주특별자치도 제주시 고마로 94 ,13.49,064-723-7005,일반조리판매,2020-04-02
휴게음식점,씨유제주대유대림점,제주특별자치도 제주시 남광로 187,3.3,064-723-7601,편의점,2020-04-02
휴게음식점,미스터와우,제주특별자치도 제주시 중앙로 238 ,12,064-723-7726,일반조리판매,2020-04-02
휴게음식점,설빙제주아라점,제주특별자치도 제주시 박성내동길 3,178.05,064-723-7879,커피숍,2020-04-02
휴게음식점,플로베,제주특별자치도 제주시 도령로 113,15.98,064-723-9102,커피숍,2020-04-02
휴게음식점,프라임투,제주특별자치도 제주시 탑동로 38,30.97,064-723-9590,기타 휴게음식점,2020-04-02
휴게음식점,배스킨라빈스제주아라점,제주특별자치도 제주시 중앙로 556,99.54,064-723-9951,기타 휴게음식점,2020-04-02
휴게음식점,구커피,제주특별자치도 제주시 구남동2길 12,139.08,064-723-9991,커피숍,2020-04-02
휴게음식점,동명다방,제주특별자치도 제주시 신산로 33-1,98.9,064-724-0036,다방,2020-04-02
휴게음식점,나뚜루제주일도점,제주특별자치도 제주시 고마로 140 ,110.37,064-724-0050,기타 휴게음식점,2020-04-02
휴게음식점,세븐일레븐제주대학병원점,제주특별자치도 제주시 중앙로 616,6.6,064-724-0711,기타 휴게음식점,2020-04-02
휴게음식점,엔젤김밥,제주특별자치도 제주시 남광로 181,36,064-724-1440,기타 휴게음식점,2020-04-02
휴게음식점,지에스25제주무수천점,제주특별자치도 제주시 애월읍 광성로 348,6.6,064-724-1541,편의점,2020-04-02
휴게음식점,핸즈커피일도점,제주특별자치도 제주시 고마로5길 2,58.73,064-724-1654,커피숍,2020-04-02
휴게음식점,이삭토스트제주중앙여고점,제주특별자치도 제주시 남광로2길 32-1,85.06,064-724-2492,패스트푸드,2020-04-02
휴게음식점,스윗대디,제주특별자치도 제주시 연신로 72,66.1,064-724-2498,커피숍,2020-04-02
휴게음식점,(주)한아름마트,제주특별자치도 제주시 도남로 128 ,20,064-724-2700,기타 휴게음식점,2020-04-02
휴게음식점,롤링라이스코리아(주)제주이도점,제주특별자치도 제주시 승천로 71,62.7,064-724-3004,일반조리판매,2020-04-02
휴게음식점,별,제주특별자치도 제주시 서사로 95,108.25,064-724-3366,다방,2020-04-02
휴게음식점,대학로,제주특별자치도 제주시 제주대학로 105-1 ,40.32,064-724-3989,일반조리판매,2020-04-02
휴게음식점,모시란,제주특별자치도 제주시 남광로 117-1 ,84.72,064-724-4607,기타 휴게음식점,2020-04-02
휴게음식점,흥다방,제주특별자치도 제주시 남광로 65,35,064-724-4675,다방,2020-04-02
휴게음식점,파스쿠찌제주이도점,제주특별자치도 제주시 중앙로 371-1 ,270.54,064-724-4715,커피숍,2020-04-02
휴게음식점,신전떡볶이노형점,제주특별자치도 제주시 노형2길 47-3,117.72,064-724-4730,일반조리판매,2020-04-02
휴게음식점,마시그래이제주중앙점,제주특별자치도 제주시 중앙로 46,16.5,064-724-4882,커피숍,2020-04-02
휴게음식점,미광,제주특별자치도 제주시 동광로 111-1,16.5,064-724-4939,일반조리판매,2020-04-02
휴게음식점,한솥도시락제주대정문점,제주특별자치도 제주시 제주대학로 107 ,77.5,064-724-4959,일반조리판매,2020-04-02
휴게음식점,매우리,제주특별자치도 제주시 광양13길 21 ,26.3,064-724-6767,일반조리판매,2020-04-02
휴게음식점,7번가피자제주이도점,제주특별자치도 제주시 남광북3길 50,68.22,064-724-6777,패스트푸드,2020-04-02
휴게음식점,고봉민김밥인화북점,제주특별자치도 제주시 화삼로 21,49.5,064-724-8001,일반조리판매,2020-04-02
휴게음식점,추억나들이,제주특별자치도 제주시 서광로 174 ,11.55,064-724-8016,기타 휴게음식점,2020-04-02
휴게음식점,미스터피자제주중앙점,제주특별자치도 제주시 중앙로 222 ,187.58,064-724-8077,패스트푸드,2020-04-02
휴게음식점,카페에쏘미오,제주특별자치도 제주시 중앙로5길 9,33,064-724-8595,커피숍,2020-04-02
휴게음식점,통큰왕만두화북점,제주특별자치도 제주시 진동로5길 18-8,56.67,064-724-9499,일반조리판매,2020-04-02
휴게음식점,제주왕족보삼화점,제주특별자치도 제주시 설촌로 12 ,33,064-725-0077,일반조리판매,2020-04-02
휴게음식점,커피애,제주특별자치도 제주시 동광로 100 ,53,064-725-0903,커피숍,2020-04-02
휴게음식점,달콤한닭강정일도점,제주특별자치도 제주시 고마로 94 ,23.1,064-725-3100,패스트푸드,2020-04-02
휴게음식점,샛별문구구내,제주특별자치도 제주시 진서로1길 11 ,6.6,064-725-3278,일반조리판매,2020-04-02
휴게음식점,향기다방,제주특별자치도 제주시 중앙로 184 ,93,064-725-3999,다방,2020-04-02
휴게음식점,벨로인커피네이쳐,제주특별자치도 제주시 관덕로11길 18 ,210.71,064-725-4868,커피숍,2020-04-02
휴게음식점,황제정식,제주특별자치도 제주시 천수로 25-1 ,23.1,064-725-5688,일반조리판매,2020-04-02
휴게음식점,지에스이십오칼호텔점,제주특별자치도 제주시 중앙로 144 ,9.9,064-725-6759,편의점,2020-04-02
휴게음식점,(주)비지에프리테일제주탑동광장점,제주특별자치도 제주시 임항로 17 ,6.6,064-725-7050,편의점,2020-04-02
휴게음식점,봉꽈배기,제주특별자치도 제주시 용담로 39-1,14.85,064-725-7161,일반조리판매,2020-04-02
휴게음식점,시티빈,제주특별자치도 제주시 관덕로11길 17 ,23.57,064-725-7800,커피숍,2020-04-02
휴게음식점,씨유제주수선화점,제주특별자치도 제주시 독짓골2길 9,9.9,064-725-7990,편의점,2020-04-02
휴게음식점,한량,제주특별자치도 제주시 노형4길 6,53.83,064-725-8283,커피숍,2020-04-02
휴게음식점,한라봉봉,제주특별자치도 제주시 동문로 10,23.1,064-725-8515,패스트푸드,2020-04-02
휴게음식점,지에스25제주이도점,제주특별자치도 제주시 오복4길 4,3.3,064-726-0205,편의점,2020-04-02
휴게음식점,한국맥도날드유한회사제주탑동점,제주특별자치도 제주시 임항로 17 ,290.4,064-726-0421,패스트푸드,2020-04-02
휴게음식점,씨유제주아라중앙점,제주특별자치도 제주시 인다10길 25,6.6,064-726-1008,편의점,2020-04-02
휴게음식점,씨유제주대점,제주특별자치도 제주시 산천단동3길 29 ,6.6,064-726-1955,편의점,2020-04-02
휴게음식점,이쁜이모네,제주특별자치도 제주시 진군1길 8,62,064-726-2025,일반조리판매,2020-04-02
휴게음식점,씨유제주전농로점,제주특별자치도 제주시 전농로 31,6.6,064-726-2837,편의점,2020-04-02
휴게음식점,성현분식,제주특별자치도 제주시 신설동길 52,6.6,064-726-3161,일반조리판매,2020-04-02
휴게음식점,이삭토스트제주대점,제주특별자치도 제주시 제주대학로 73 ,19.8,064-726-3223,일반조리판매,2020-04-02
휴게음식점,위드미트,제주특별자치도 제주시 제주대학로 111 ,124.87,064-726-3327,커피숍,2020-04-02
휴게음식점,수제옛날통닭,제주특별자치도 제주시 한림읍 한림북동길 7-6,16.85,064-726-4166,일반조리판매,2020-04-02
휴게음식점,뉴월드화북점구내분식1호점,제주특별자치도 제주시 일주동로 233 ,11.52,064-726-4600,일반조리판매,2020-04-02
휴게음식점,엄마네,제주특별자치도 제주시 산천단동3길 13-4 ,16.74,064-726-5330,일반조리판매,2020-04-02
휴게음식점,희빈쉼터,제주특별자치도 제주시 남광로 181,49.5,064-726-5439,커피숍,2020-04-02
휴게음식점,씨유제주신엄점,제주특별자치도 제주시 애월읍 애월해안로 494,9,064-726-7050,편의점,2020-04-02
휴게음식점,더해밀,제주특별자치도 제주시 박성내동길 51 ,90.87,064-726-7071,커피숍,2020-04-02
휴게음식점,킹스토어삼양점구내,제주특별자치도 제주시 일주동로 334 ,7,064-726-7111,일반조리판매,2020-04-02
휴게음식점,스시마당,제주특별자치도 제주시 탑동로 38 ,32.04,064-726-8246,일반조리판매,2020-04-02
휴게음식점,지에스25제대정문점,제주특별자치도 제주시 제주대학로 113 ,3.3,064-726-8400,편의점,2020-04-02
휴게음식점,서울분식,제주특별자치도 제주시 동문로4길 11 ,31.85,064-726-9266,기타 휴게음식점,2020-04-02
휴게음식점,볼케이노PC방,제주특별자치도 제주시 서광로 197-1 ,7.5,064-727-0025,기타 휴게음식점,2020-04-02
휴게음식점,최가네손만두일도점,제주특별자치도 제주시 천수로 59 ,24.57,064-727-0044,일반조리판매,2020-04-02
휴게음식점,야미얌,제주특별자치도 제주시 동광로 24,21.83,064-727-1627,일반조리판매,2020-04-02
휴게음식점,돈까스마을,제주특별자치도 제주시 서광로29길 36 ,38.02,064-727-1771,일반조리판매,2020-04-02
휴게음식점,씨유제주영평점,제주특별자치도 제주시 연신로 264 ,3.3,064-727-2333,일반조리판매,2020-04-02
휴게음식점,럭스PC방,제주특별자치도 제주시 중앙로 242 ,6.6,064-727-2356,기타 휴게음식점,2020-04-02
휴게음식점,보네르,제주특별자치도 제주시 남광북5길 10,77.4,064-727-3311,커피숍,2020-04-02
휴게음식점,원더샌드위치,제주특별자치도 제주시 전농로 109 ,69.69,064-727-6999,커피숍,2020-04-02
휴게음식점,설빙제주칠성통점,제주특별자치도 제주시 관덕로11길 8,236.68,064-727-8808,커피숍,2020-04-02
휴게음식점,서희원꼬지닷컴시민회관점,제주특별자치도 제주시 중앙로 124-1 ,26.4,064-727-8899,일반조리판매,2020-04-02
휴게음식점,맛짱김밥인제점,제주특별자치도 제주시 고마로 88 ,29.32,064-727-9009,일반조리판매,2020-04-02
휴게음식점,주식회사비엔제대지점,제주특별자치도 제주시 한북로 349 ,105.5,064-728-4868,커피숍,2020-04-02
휴게음식점,(주)이마트제주1호점,제주특별자치도 제주시 탑동로 38 ,14.5,064-729-1053,기타 휴게음식점,2020-04-02
휴게음식점,(주)이마트제주3호점,제주특별자치도 제주시 탑동로 38 ,21.88,064-729-1053,일반조리판매,2020-04-02
휴게음식점,(주)이마트제주점,제주특별자치도 제주시 탑동로 38 ,13.6,064-729-1053,일반조리판매,2020-04-02
휴게음식점,(주)이마트제주2호점,제주특별자치도 제주시 탑동로 38 ,19.2,064-729-1053,일반조리판매,2020-04-02
휴게음식점,대치식품,제주특별자치도 제주시 탑동로 38 ,9.9,064-729-1202,기타 휴게음식점,2020-04-02
휴게음식점,보승족발,제주특별자치도 제주시 탑동로 38,11.4,064-729-1234,기타 휴게음식점,2020-04-02
휴게음식점,제주시농협하나로마트(2호),제주특별자치도 제주시 남광로 206 ,27.14,064-729-1551,기타 휴게음식점,2020-04-02
휴게음식점,제주시농협하나로마트(1호),제주특별자치도 제주시 남광로 206 ,98.94,064-729-1551,기타 휴게음식점,2020-04-02
휴게음식점,제주시농협하나로마트(즉석코너),제주특별자치도 제주시 남광로 206,27.5,064-729-1551,일반조리판매,2020-04-02
휴게음식점,킹콩쥬스엔청춘감성쌀핫도그,제주특별자치도 제주시 정원로 39,63.75,064-741-1179,패스트푸드,2020-04-02
휴게음식점,농협중앙회북제주군지부구내,제주특별자치도 제주시 신대로 110 ,97.65,064-741-6660,기타 휴게음식점,2020-04-02
휴게음식점,(주)지앤엘,제주특별자치도 제주시 삼무로 67 ,121.66,064-741-8000,기타 휴게음식점,2020-04-02
휴게음식점,세븐일레븐해안도로점,제주특별자치도 제주시 서해안로 228 ,6.6,064-742-0550,편의점,2020-04-02
휴게음식점,투썸플레이스도두해안도로점,제주특별자치도 제주시 서해안로 228,257.95,064-742-0550,커피숍,2020-04-02
휴게음식점,호떡당연동점,제주특별자치도 제주시 국기로 8,36.3,064-742-1365,기타 휴게음식점,2020-04-02
휴게음식점,돈츠돈츠,제주특별자치도 제주시 1100로 3348 ,50.4,064-742-1443,일반조리판매,2020-04-02
휴게음식점,청춘쌀핫도그남녕점,제주특별자치도 제주시 남녕로 43 ,56.1,064-742-1900,일반조리판매,2020-04-02
휴게음식점,현대,제주특별자치도 제주시 신대로 68 ,157.02,064-742-2714,일반조리판매,2020-04-02
휴게음식점,니모메,제주특별자치도 제주시 일주서로 7335-8,211.65,064-742-3008,커피숍,2020-04-02
휴게음식점,도미노피자제주노형점,제주특별자치도 제주시 연북로 18,104,064-742-3082,일반조리판매,2020-04-02
휴게음식점,수정다방,제주특별자치도 제주시 추자면 추자로 6-1,39.5,064-742-3533,기타 휴게음식점,2020-04-02
휴게음식점,별장분식,제주특별자치도 제주시 추자면 대서리 3번지,26.44,064-742-3948,일반조리판매,2020-04-02
휴게음식점,고수김밥,제주특별자치도 제주시 일주동로 340,30.24,064-742-4086,일반조리판매,2020-04-02
휴게음식점,진미김밥,제주특별자치도 제주시 원노형10길 28,20.4,064-742-4337,일반조리판매,2020-04-02
휴게음식점,유별난수제생돈까스,제주특별자치도 제주시 정원로 41 ,44.72,064-742-5341,일반조리판매,2020-04-02
휴게음식점,지에스25탐라스테이점,제주특별자치도 제주시 애월읍 애월해안로 881,4.95,064-742-5354,편의점,2020-04-02
휴게음식점,세븐일레븐제주가이아호텔점,제주특별자치도 제주시 연동7길 4,6.6,064-742-6110,편의점,2020-04-02
휴게음식점,삼해인관광호텔구내,제주특별자치도 제주시 도령로 108 ,85.14,064-742-7775,기타 휴게음식점,2020-04-02
휴게음식점,샌드데이중앙점,제주특별자치도 제주시 중앙로 60 ,4.86,064-742-8893,일반조리판매,2020-04-02
휴게음식점,나눔김밥,제주특별자치도 제주시 성신로 26 ,35.66,064-742-9127,일반조리판매,2020-04-02
휴게음식점,베스킨라빈스연동점,제주특별자치도 제주시 국기로 9 ,48.78,064-743-0037,패스트푸드,2020-04-02
휴게음식점,킹마트휴게점,제주특별자치도 제주시 용화로 52 ,10.56,064-743-0111,기타 휴게음식점,2020-04-02
휴게음식점,마들렌,제주특별자치도 제주시 수덕9길 39,68.84,064-743-0737,일반조리판매,2020-04-02
휴게음식점,지에스25제주한라점,제주특별자치도 제주시 한라대학로 63,9,064-743-1409,편의점,2020-04-02
휴게음식점,북카페여행,제주특별자치도 제주시 절물2길 8-2 ,132,064-743-1421,기타 휴게음식점,2020-04-02
휴게음식점,카페아꼬떼,제주특별자치도 제주시 조천읍 선교로 548,53.2,064-743-1478,커피숍,2020-04-02
휴게음식점,메가커피제주연동점,제주특별자치도 제주시 과원북2길 48 ,66.18,064-743-2080,커피숍,2020-04-02
휴게음식점,다올김밥분식,제주특별자치도 제주시 남녕로 48 ,49.5,064-743-2100,기타 휴게음식점,2020-04-02
휴게음식점,열린피시방구내,제주특별자치도 제주시 신대로10길 44 ,6.6,064-743-2278,기타 휴게음식점,2020-04-02
휴게음식점,삼광,제주특별자치도 제주시 연삼로 38 ,17.52,064-743-3111,기타 휴게음식점,2020-04-02
휴게음식점,지정환임실치즈피자신제주점,제주특별자치도 제주시 삼동2길 12,37.5,064-743-3332,패스트푸드,2020-04-02
휴게음식점,남문주유소구내,제주특별자치도 제주시 이도이동 685번지,12.2,064-743-3850,커피숍,2020-04-02
휴게음식점,씨유제주용두암점,제주특별자치도 제주시 용두암길 8 ,5,064-743-4546,편의점,2020-04-02
휴게음식점,바른손외도점,제주특별자치도 제주시 월대2길 10 ,4.95,064-743-5464,기타 휴게음식점,2020-04-02
휴게음식점,패밀리만두,제주특별자치도 제주시 국기로 9 ,28.82,064-743-6233,일반조리판매,2020-04-02
휴게음식점,스마일김밥,제주특별자치도 제주시 일주서로 7517,13.23,064-743-6596,일반조리판매,2020-04-02
휴게음식점,윤스오리지널(주)이마트신제주점,제주특별자치도 제주시 1100로 3348,7.8,064-743-7363,일반조리판매,2020-04-02
휴게음식점,노형맛김밥,제주특별자치도 제주시 노형로 337 ,33,064-743-7555,일반조리판매,2020-04-02
휴게음식점,씨유제주신성점,제주특별자치도 제주시 일주서로 7850 ,6.6,064-743-8688,편의점,2020-04-02
휴게음식점,이스터,제주특별자치도 제주시 한경면 칠전로 154,28.56,064-743-9066,커피숍,2020-04-02
휴게음식점,호호분식,제주특별자치도 제주시 박성내서길 2-10,39.3,064-743-9229,일반조리판매,2020-04-02
휴게음식점,로아몬드,제주특별자치도 제주시 도령로 40,11.67,064-744-2321,기타 휴게음식점,2020-04-02
휴게음식점,통큰왕만두찐빵노형점,제주특별자치도 제주시 원노형로 46 ,10,064-744-2666,일반조리판매,2020-04-02
휴게음식점,기라,제주특별자치도 제주시 정존11길 29 ,47.25,064-744-3323,기타 휴게음식점,2020-04-02
휴게음식점,보리빵마을,제주특별자치도 제주시 도령로 170 ,47.17,064-744-3334,기타 휴게음식점,2020-04-02
휴게음식점,뉴코리아호텔구내,제주특별자치도 제주시 은남길 37 ,71,064-744-4333,기타 휴게음식점,2020-04-02
휴게음식점,지에스25과원점,제주특별자치도 제주시 과원로 51,6.6,064-744-4532,편의점,2020-04-02
휴게음식점,하나맘김밥,제주특별자치도 제주시 귀아랑2길 14,17.68,064-744-5054,일반조리판매,2020-04-02
휴게음식점,베스킨라빈스신제주점,제주특별자치도 제주시 1100로 3342,66.05,064-744-6161,일반조리판매,2020-04-02
휴게음식점,제주코아호텔구내,제주특별자치도 제주시 노연로 146 ,76.65,064-744-6600,기타 휴게음식점,2020-04-02
휴게음식점,마마,제주특별자치도 제주시 신대로8길 34,49.8,064-744-6987,일반조리판매,2020-04-02
휴게음식점,퓨전상회,제주특별자치도 제주시 연동7길 24,51.9,064-744-7247,기타 휴게음식점,2020-04-02
휴게음식점,하나로슈퍼,제주특별자치도 제주시 비월길 19 ,6.6,064-744-7539,일반조리판매,2020-04-02
휴게음식점,이디야에스프레소제주노형점,제주특별자치도 제주시 달마루길 10-1 ,38.16,064-744-7745,커피숍,2020-04-02
휴게음식점,제주도립미술관플라타너스,제주특별자치도 제주시 1100로 2894-78 ,110.76,064-744-7923,커피숍,2020-04-02
휴게음식점,명품,제주특별자치도 제주시 성신로2길 21 ,44.41,064-744-8818,일반조리판매,2020-04-02
휴게음식점,씨유노형대림점,제주특별자치도 제주시 도령로 7 ,10,064-744-9232,편의점,2020-04-02
휴게음식점,지에스25시편의점,제주특별자치도 제주시 도령로 31 ,13.2,064-744-9625,일반조리판매,2020-04-02
휴게음식점,서부관광휴게마트,제주특별자치도 제주시 노형로 27 ,39,064-745-0120,일반조리판매,2020-04-02
휴게음식점,행복김밥,제주특별자치도 제주시 우정로16길 2 ,60.73,064-745-0729,기타 휴게음식점,2020-04-02
휴게음식점,스타만화카페,제주특별자치도 제주시 한라대학로 89-1 ,6.6,064-745-1006,기타 휴게음식점,2020-04-02
휴게음식점,스카이마트,제주특별자치도 제주시 노형로 157 ,9.9,064-745-1633,편의점,2020-04-02
휴게음식점,쥬씨제주한라대점,제주특별자치도 제주시 정원로 51,32.3,064-745-2223,커피숍,2020-04-02
휴게음식점,스쿨떡볶이,제주특별자치도 제주시 노형2길 51-1,29.84,064-745-2511,일반조리판매,2020-04-02
휴게음식점,수목원스낵,제주특별자치도 제주시 은수길 69 ,29.7,064-745-2722,기타 휴게음식점,2020-04-02
휴게음식점,수목원커피숍,제주특별자치도 제주시 은수길 69 ,87.36,064-745-2722,커피숍,2020-04-02
휴게음식점,카페엔젤,제주특별자치도 제주시 과원로 70,141,064-745-3055,커피숍,2020-04-02
휴게음식점,씨유노형해오름점,제주특별자치도 제주시 과원북4길 39 ,6.6,064-745-5040,편의점,2020-04-02
휴게음식점,지에스25한라대학점,제주특별자치도 제주시 한라대학로 72,7,064-745-5213,편의점,2020-04-02
휴게음식점,요거프레소제주연동점,제주특별자치도 제주시 남녕로 32 ,82.5,064-745-5453,기타 휴게음식점,2020-04-02
휴게음식점,문하우스,제주특별자치도 제주시 정실동길 26,84.87,064-745-6153,커피숍,2020-04-02
휴게음식점,미스터피자신제주점,제주특별자치도 제주시 신광로 101 ,233.35,064-745-6677,패스트푸드,2020-04-02
휴게음식점,제주메이플호텔,제주특별자치도 제주시 원노형3길 41,88.31,064-745-6775,일반조리판매,2020-04-02
휴게음식점,GS25연동대림점,제주특별자치도 제주시 과원북4길 73 ,6,064-745-7111,편의점,2020-04-02
휴게음식점,띠아모북노형점,제주특별자치도 제주시 월랑로8길 1,56,064-745-7722,과자점,2020-04-02
휴게음식점,씨유노형아이파크점,제주특별자치도 제주시 노형10길 23,6.6,064-745-8015,편의점,2020-04-02
휴게음식점,올레산야초,제주특별자치도 제주시 애월읍 유수암서길 57,66.53,064-745-8075,전통찻집,2020-04-02
휴게음식점,대만삼촌대왕카스테라연동점,제주특별자치도 제주시 국기로 6,85.95,064-745-8887,패스트푸드,2020-04-02
휴게음식점,스타벅스제주노형점,제주특별자치도 제주시 도령로 27,286,064-745-8924,커피숍,2020-04-02
휴게음식점,푸른감람나무,제주특별자치도 제주시 중앙로 470,203.76,064-745-9191,커피숍,2020-04-02
휴게음식점,씨유제주연동중앙점,제주특별자치도 제주시 은남4길 37,3.3,064-746-0027,편의점,2020-04-02
휴게음식점,베스킨라빈스롯데참피온점,제주특별자치도 제주시 신광로 52 ,12.65,064-746-0311,기타 휴게음식점,2020-04-02
휴게음식점,지에스25노형사랑점,제주특별자치도 제주시 노형로 379,13.2,064-746-0365,기타 휴게음식점,2020-04-02
휴게음식점,미리내분식,제주특별자치도 제주시 오등봉길 28,29.7,064-746-1018,일반조리판매,2020-04-02
휴게음식점,나들이김밥,제주특별자치도 제주시 삼성로 71 ,26.6,064-746-1060,일반조리판매,2020-04-02
휴게음식점,은주,제주특별자치도 제주시 신대로12길 51 ,15.17,064-746-1073,기타 휴게음식점,2020-04-02
휴게음식점,담화헌,제주특별자치도 제주시 축산마을북길 55 ,63.16,064-746-1746,커피숍,2020-04-02
휴게음식점,디앤엠테이크아웃,제주특별자치도 제주시 광평동로 45 ,8,064-746-2008,커피숍,2020-04-02
휴게음식점,토방속에장독대,제주특별자치도 제주시 신대로14길 33 ,128.45,064-746-2626,기타 휴게음식점,2020-04-02
휴게음식점,스타벅스제주노형공원점,제주특별자치도 제주시 연북로 12,189.46,064-746-3367,커피숍,2020-04-02
휴게음식점,서희원꼬치닷컴,제주특별자치도 제주시 성신로 20 ,42.42,064-746-3544,일반조리판매,2020-04-02
휴게음식점,파이굽는돌담집,제주특별자치도 제주시 아란9길 48 ,74.98,064-746-5282,기타 휴게음식점,2020-04-02
휴게음식점,GS25연동국기점,제주특별자치도 제주시 국기로3길 11 ,6.6,064-746-5456,편의점,2020-04-02
휴게음식점,옵서예휴게소,제주특별자치도 제주시 노형로 41 ,13.2,064-746-5539,일반조리판매,2020-04-02
휴게음식점,투썸플레이스한라대점,제주특별자치도 제주시 한라대학로 17,499.48,064-746-5679,커피숍,2020-04-02
휴게음식점,태성,제주특별자치도 제주시 신광로4길 1 ,23.31,064-746-7248,기타 휴게음식점,2020-04-02
휴게음식점,커피앤빵,제주특별자치도 제주시 추자면 추자로 58-1,96.35,064-746-8589,커피숍,2020-04-02
휴게음식점,요거프레소신제주점,제주특별자치도 제주시 과원북4길 61,82.57,064-746-9876,커피숍,2020-04-02
휴게음식점,이태리양념치킨노형점,제주특별자치도 제주시 노형동 62번지,18.58,064-747-0197,기타 휴게음식점,2020-04-02
휴게음식점,샘타이,제주특별자치도 제주시 애월읍 애월해안로 352,36,064-747-0607,커피숍,2020-04-02
휴게음식점,다경,제주특별자치도 제주시 신대로12길 51,12.5,064-747-0779,기타 휴게음식점,2020-04-02
휴게음식점,마마롱,제주특별자치도 제주시 애월읍 평화로 2783,152.45,064-747-1074,커피숍,2020-04-02
휴게음식점,일번가,제주특별자치도 제주시 신대로12길 51 ,10.5,064-747-1280,기타 휴게음식점,2020-04-02
휴게음식점,던킨도너츠제주노형타워점,제주특별자치도 제주시 노형로 407,68.01,064-747-1288,커피숍,2020-04-02
휴게음식점,피자투어하귀점,제주특별자치도 제주시 애월읍 일주서로 7136 ,8.25,064-747-2282,패스트푸드,2020-04-02
휴게음식점,오뚜기,제주특별자치도 제주시 신대로12길 51 ,15.6,064-747-2501,기타 휴게음식점,2020-04-02
휴게음식점,에이바우트커피,제주특별자치도 제주시 한라대학로 39,451.73,064-747-2555,커피숍,2020-04-02
휴게음식점,씨유제주진군점,제주특별자치도 제주시 진군3길 16 ,6.6,064-747-3252,편의점,2020-04-02
휴게음식점,씨유제주은남점,제주특별자치도 제주시 연동11길 21,6.6,064-747-3410,편의점,2020-04-02
휴게음식점,한국물류구내외도명품족발,제주특별자치도 제주시 우정로 33 ,11.95,064-747-4321,기타 휴게음식점,2020-04-02
휴게음식점,흰수염고래카페,제주특별자치도 제주시 애월읍 일주서로 6818,101.12,064-747-5553,커피숍,2020-04-02
휴게음식점,디저트카페하루,제주특별자치도 제주시 삼무로 2-1,136.08,064-747-5788,커피숍,2020-04-02
휴게음식점,씨유제주노형중점,제주특별자치도 제주시 한라대학로 33 ,3.3,064-747-6332,편의점,2020-04-02
휴게음식점,그랜드김밥,제주특별자치도 제주시 신대로 109 ,32,064-747-6467,일반조리판매,2020-04-02
휴게음식점,애조로휴게소,제주특별자치도 제주시 애월읍 애조로 399,22.15,064-747-6669,편의점,2020-04-02
휴게음식점,브라운,제주특별자치도 제주시 과원로 78 ,128,064-747-6902,커피숍,2020-04-02
휴게음식점,제원분식,제주특별자치도 제주시 신광로6길 2 ,24.6,064-747-6941,기타 휴게음식점,2020-04-02
휴게음식점,우뭇개,제주특별자치도 제주시 노형동 1313번지,44.1,064-747-7649,기타 휴게음식점,2020-04-02
휴게음식점,제주노형뜨란채점빽다방,제주특별자치도 제주시 수덕로 35,39.6,064-747-7669,커피숍,2020-04-02
휴게음식점,씨유제주노형길점,제주특별자치도 제주시 노형5길 15,3.3,064-747-8030,편의점,2020-04-02
휴게음식점,파스쿠찌신제주점,제주특별자치도 제주시 연북로 221,168.71,064-747-8297,커피숍,2020-04-02
휴게음식점,수목원편의점,제주특별자치도 제주시 1100로 3173 ,6.6,064-747-8899,편의점,2020-04-02
휴게음식점,씨유제주월랑점,제주특별자치도 제주시 남녕로 43-1,6.6,064-747-9001,편의점,2020-04-02
휴게음식점,훼미리마트용원점,제주특별자치도 제주시 용문로 125,6.6,064-747-9184,편의점,2020-04-02
휴게음식점,베이직,제주특별자치도 제주시 노형6길 23,53.3,064-747-9282,일반조리판매,2020-04-02
휴게음식점,배터지는생동까스노형점,제주특별자치도 제주시 남녕로 21,24.48,064-747-9853,일반조리판매,2020-04-02
휴게음식점,화목원,제주특별자치도 제주시 연화남길 41,149.27,064-748-0023,커피숍,2020-04-02
휴게음식점,세이슌한라대점,제주특별자치도 제주시 노형2길 47-2,84.53,064-748-0478,일반조리판매,2020-04-02
휴게음식점,씨유신제주점,제주특별자치도 제주시 삼무로 62 ,3.3,064-748-0835,편의점,2020-04-02
휴게음식점,(주)보승식품,제주특별자치도 제주시 1100로 3348 ,14.1,064-748-1053,일반조리판매,2020-04-02
휴게음식점,신다모아마트구내,제주특별자치도 제주시 일주동로 254 ,16.5,064-748-1200,편의점,2020-04-02
휴게음식점,도스마스제주대점,제주특별자치도 제주시 제주대학로 115,85.8,064-748-1253,기타 휴게음식점,2020-04-02
휴게음식점,탐앤탐스신제주점,제주특별자치도 제주시 신광로 52 ,280,064-748-1266,커피숍,2020-04-02
휴게음식점,베스킨라빈스노형점,제주특별자치도 제주시 월랑로 39,49.87,064-748-1888,기타 휴게음식점,2020-04-02
휴게음식점,내가만든미케익제주점,제주특별자치도 제주시 서광로 295,92,064-748-2049,커피숍,2020-04-02
휴게음식점,참맛나,제주특별자치도 제주시 한라대학로 31,116.58,064-748-2654,일반조리판매,2020-04-02
휴게음식점,에피소드,제주특별자치도 제주시 애월읍 하귀동남1길 19,109.95,064-748-2991,커피숍,2020-04-02
휴게음식점,롯데리아제주외도디티점,제주특별자치도 제주시 일주서로 7335,194.49,064-748-3318,패스트푸드,2020-04-02
휴게음식점,초가집,제주특별자치도 제주시 노형6길 9,53.07,064-748-4502,일반조리판매,2020-04-02
휴게음식점,씨유연동세일점,제주특별자치도 제주시 선덕로 17,6.6,064-748-4602,편의점,2020-04-02
휴게음식점,씨유제주제성점,제주특별자치도 제주시 제성1길 16,3.3,064-748-4824,편의점,2020-04-02
휴게음식점,기사휴게음식점,제주특별자치도 제주시 수목원서길 17 ,57,064-748-4926,일반조리판매,2020-04-02
휴게음식점,롯데참피온백화점구내,제주특별자치도 제주시 신광로 52 ,97.3,064-748-5000,기타 휴게음식점,2020-04-02
휴게음식점,일등왕만두,제주특별자치도 제주시 정존5길 29,18.99,064-748-5580,일반조리판매,2020-04-02
휴게음식점,다가미애월점,제주특별자치도 제주시 애월읍 평화로 2901-1,54,064-748-5811,일반조리판매,2020-04-02
휴게음식점,내딸에게,제주특별자치도 제주시 중앙로 640 ,19.8,064-748-6523,일반조리판매,2020-04-02
휴게음식점,카치토,제주특별자치도 제주시 1100로 3213-2 ,14.4,064-748-6604,기타 휴게음식점,2020-04-02
휴게음식점,파크사이드호텔구내,제주특별자치도 제주시 도령로 126 ,73.66,064-748-7878,커피숍,2020-04-02
휴게음식점,씨유제주정한점,제주특별자치도 제주시 원노형8길 22 ,9.9,064-748-8196,편의점,2020-04-02
휴게음식점,파스쿠찌제주노형로터리점,제주특별자치도 제주시 다랑곶길 4,460.42,064-748-8497,커피숍,2020-04-02
휴게음식점,달자카페,제주특별자치도 제주시 애월읍 애월해안로 738,149.1,064-748-8560,커피숍,2020-04-02
휴게음식점,던킨도너츠노형대림점,제주특별자치도 제주시 수덕로 4,66.1,064-748-8868,과자점,2020-04-02
휴게음식점,씨유제주추자로점,제주특별자치도 제주시 추자면 추자로 38,2.4,064-748-9255,편의점,2020-04-02
휴게음식점,석화,제주특별자치도 제주시 삼무로7길 24 ,35.72,064-749-0021,전통찻집,2020-04-02
휴게음식점,팝콘팩토리,제주특별자치도 제주시 노형로 407,60.43,064-749-0069,일반조리판매,2020-04-02
휴게음식점,신비의사랑세번째이야기,제주특별자치도 제주시 우령2길 19-2 ,95.25,064-749-0724,커피숍,2020-04-02
휴게음식점,커피와도자기,제주특별자치도 제주시 애월읍 하귀동남3길 3,124.08,064-749-0777,커피숍,2020-04-02
휴게음식점,월랑,제주특별자치도 제주시 노형동 64번지 ,39.04,064-749-0931,기타 휴게음식점,2020-04-02
휴게음식점,소림김밥,제주특별자치도 제주시 국기로 31 ,12.61,064-749-1031,일반조리판매,2020-04-02
휴게음식점,에스프레사멘테일리제주다음점,제주특별자치도 제주시 한북로 35 ,35,064-749-1280,커피숍,2020-04-02
휴게음식점,평화로휴게소마트구내,제주특별자치도 제주시 노형로 19,22.08,064-749-2348,기타 휴게음식점,2020-04-02
휴게음식점,커피림,제주특별자치도 제주시 수목원길 27 ,92,064-749-3311,커피숍,2020-04-02
휴게음식점,유드림마트,제주특별자치도 제주시 광평동로 63 ,4.14,064-749-8864,일반조리판매,2020-04-02
휴게음식점,씨유제주한일시티점,제주특별자치도 제주시 도령로 103,6.6,064-749-9009,편의점,2020-04-02
휴게음식점,아이갓에브리씽,제주특별자치도 제주시 문연로 6,94.84,064-749-9104,커피숍,2020-04-02
휴게음식점,미미,제주특별자치도 제주시 노연로 77,55.29,064-749-9222,일반조리판매,2020-04-02
휴게음식점,쿠잉,제주특별자치도 제주시 월랑북길 37,76.87,064-749-9559,커피숍,2020-04-02
휴게음식점,아모카커피,제주특별자치도 제주시 달마루길 10-9 ,73,064-749-9898,커피숍,2020-04-02
휴게음식점,커피점빵,제주특별자치도 제주시 화삼로 89,32.76,064-750-1010,커피숍,2020-04-02
휴게음식점,모카,제주특별자치도 제주시 광양13길 2 ,63.6,064-751-0003,기타 휴게음식점,2020-04-02
휴게음식점,옥,제주특별자치도 제주시 광양2길 34,73.34,064-751-0400,다방,2020-04-02
휴게음식점,씨유제주화북진남점,제주특별자치도 제주시 진남로 22 ,6.6,064-751-1277,편의점,2020-04-02
휴게음식점,유신,제주특별자치도 제주시 도남로 38-1 ,21.46,064-751-2483,다방,2020-04-02
휴게음식점,맛짱김밥삼도점,제주특별자치도 제주시 삼도일동 787번지,17.92,064-751-3003,일반조리판매,2020-04-02
휴게음식점,씨유제주도남점,제주특별자치도 제주시 연삼로 366,6.6,064-751-3066,편의점,2020-04-02
휴게음식점,도미노피자제주이도점,제주특별자치도 제주시 승천로 70,144.44,064-751-3084,패스트푸드,2020-04-02
휴게음식점,(주)뉴월드마트제주점,제주특별자치도 제주시 연수로3길 6 ,13.77,064-751-4600,기타 휴게음식점,2020-04-02
휴게음식점,난타오천피자서사라점,제주특별자치도 제주시 서사로 97,46.28,064-751-5092,패스트푸드,2020-04-02
휴게음식점,주식회사제주피자헛본점,제주특별자치도 제주시 연삼로 431 ,121.66,064-751-5588,일반조리판매,2020-04-02
휴게음식점,지에스25용담열린점,제주특별자치도 제주시 용남1길 1 ,6.6,064-751-5635,편의점,2020-04-02
휴게음식점,세븐일레븐제주사라봉점,제주특별자치도 제주시 임항로 266,4.95,064-751-9111,편의점,2020-04-02
휴게음식점,GS25제주칠성로점,제주특별자치도 제주시 관덕로15길 15,6,064-752-1016,편의점,2020-04-02
휴게음식점,나무물꼬기,제주특별자치도 제주시 연삼로 522 ,58.72,064-752-1163,커피숍,2020-04-02
휴게음식점,탐앤탐스제주점,제주특별자치도 제주시 중앙로 236,843.8,064-752-1266,커피숍,2020-04-02
휴게음식점,대평슈퍼구내,제주특별자치도 제주시 사라봉7길 28,5.43,064-752-1666,일반조리판매,2020-04-02
휴게음식점,지에스25인제점,제주특별자치도 제주시 고마로 67,3.3,064-752-1851,편의점,2020-04-02
휴게음식점,오,제주특별자치도 제주시 사라봉길 9 ,90,064-752-1889,다방,2020-04-02
휴게음식점,몰랑몰랑카페,제주특별자치도 제주시 중앙로 24 ,55.11,064-752-2231,과자점,2020-04-02
휴게음식점,세림분식,제주특별자치도 제주시 관덕로17길 37-3 ,20,064-752-2348,일반조리판매,2020-04-02
휴게음식점,샤베르3호점,제주특별자치도 제주시 중앙로 60,9.9,064-752-3622,기타 휴게음식점,2020-04-02
휴게음식점,클릭24시편의점,제주특별자치도 제주시 도남로 25 ,11.02,064-752-3745,일반조리판매,2020-04-02
휴게음식점,다소니,제주특별자치도 제주시 오남로6길 24 ,109.31,064-752-5533,일반조리판매,2020-04-02
휴게음식점,푸짐한밥상,제주특별자치도 제주시 중앙로 60,97.68,064-752-6157,일반조리판매,2020-04-02
휴게음식점,영란,제주특별자치도 제주시 중앙로 188 ,93.6,064-752-6324,다방,2020-04-02
휴게음식점,다인,제주특별자치도 제주시 서문로 68,108.71,064-752-6573,다방,2020-04-02
휴게음식점,문빵구동문점,제주특별자치도 제주시 동문로 6-8,12,064-752-6651,기타 휴게음식점,2020-04-02
휴게음식점,카페띠아모제주삼화점,제주특별자치도 제주시 화삼북로2길 32,111.5,064-752-6900,커피숍,2020-04-02
휴게음식점,뀨리분식,제주특별자치도 제주시 동광로 150,34.54,064-752-7070,일반조리판매,2020-04-02
휴게음식점,제주오리엔탈호텔커피숍,제주특별자치도 제주시 탑동로 47,114.94,064-752-8222,기타 휴게음식점,2020-04-02
휴게음식점,아리랑,제주특별자치도 제주시 서사로 78 ,27.5,064-752-8553,다방,2020-04-02
휴게음식점,유정,제주특별자치도 제주시 동문로 89-2,67.41,064-752-9434,다방,2020-04-02
휴게음식점,황금다방,제주특별자치도 제주시 중앙로 117-1,77.68,064-752-9997,다방,2020-04-02
휴게음식점,카페투비,제주특별자치도 제주시 동문로 2,159.08,064-753-0017,커피숍,2020-04-02
휴게음식점,제주아라매점,제주특별자치도 제주시 구산로 4,94.92,064-753-0041,패스트푸드,2020-04-02
휴게음식점,코너,제주특별자치도 제주시 광양10길 12 ,142.43,064-753-1379,커피숍,2020-04-02
휴게음식점,옥화,제주특별자치도 제주시 동광로 39 ,42.04,064-753-1795,다방,2020-04-02
휴게음식점,짱구분식,제주특별자치도 제주시 연동8길 28,68.24,064-753-4767,일반조리판매,2020-04-02
휴게음식점,이삭토스트칠성로점,제주특별자치도 제주시 관덕로17길 1 ,10.35,064-753-5289,일반조리판매,2020-04-02
휴게음식점,제주특별자치도체육회관식당,제주특별자치도 제주시 서광로2길 24 ,427.41,064-753-5522,일반조리판매,2020-04-02
휴게음식점,하나여관구내,제주특별자치도 제주시 고마로 58 ,115.5,064-753-5588,기타 휴게음식점,2020-04-02
휴게음식점,델리,제주특별자치도 제주시 중앙로 151 ,111.16,064-753-6151,과자점,2020-04-02
휴게음식점,학생문구구내,제주특별자치도 제주시 서광로11길 37 ,9.9,064-753-6786,기타 휴게음식점,2020-04-02
휴게음식점,씨유제주문예회관점,제주특별자치도 제주시 동광로 79 ,9.9,064-753-8285,편의점,2020-04-02
휴게음식점,제주팔레스호텔구내,제주특별자치도 제주시 탑동로 9 ,85.53,064-753-8811,기타 휴게음식점,2020-04-02
휴게음식점,롯데리아제주삼화지구점,제주특별자치도 제주시 건주로4길 6-4,168.48,064-753-8873,패스트푸드,2020-04-02
휴게음식점,땡초김밥싱싱왕만두본점,제주특별자치도 제주시 중앙로 564-1,110,064-753-9090,일반조리판매,2020-04-02
휴게음식점,땡초김밥싱싱왕만두이도점,제주특별자치도 제주시 중앙로 298,59.4,064-753-9091,일반조리판매,2020-04-02
휴게음식점,환문구,제주특별자치도 제주시 남성로11길 16 ,11.7,064-753-9989,기타 휴게음식점,2020-04-02
휴게음식점,한라카페테리아,제주특별자치도 제주시 제주대학로 102,275.56,064-754-2392,커피숍,2020-04-02
휴게음식점,하버호텔구내,제주특별자치도 제주시 임항로 260,29,064-754-6000,기타 휴게음식점,2020-04-02
휴게음식점,카페제우스,제주특별자치도 제주시 삼무로 14,299.3,064-754-7000,커피숍,2020-04-02
휴게음식점,위더스트래블칠성점,제주특별자치도 제주시 중앙로5길 4,102.46,064-755-0055,커피숍,2020-04-02
휴게음식점,지에스25한라체육관점,제주특별자치도 제주시 서광로4길 10,3.3,064-755-1402,편의점,2020-04-02
휴게음식점,투썸플레이스제주이도점,제주특별자치도 제주시 중앙로 286,195.58,064-755-1516,커피숍,2020-04-02
휴게음식점,한동,제주특별자치도 제주시 진동로5길 31,9.99,064-755-1748,일반조리판매,2020-04-02
휴게음식점,서문시청점,제주특별자치도 제주시 광양8길 2,45,064-755-1947,기타 휴게음식점,2020-04-02
휴게음식점,오델로CGV점,제주특별자치도 제주시 서광로 288,25.44,064-755-3021,패스트푸드,2020-04-02
휴게음식점,빵육사도너츠,제주특별자치도 제주시 동문로 91 ,51.6,064-755-3106,과자점,2020-04-02
휴게음식점,맘스터치중앙로점,제주특별자치도 제주시 중앙로 60,52.57,064-755-4882,패스트푸드,2020-04-02
휴게음식점,씨유도남중앙점,제주특별자치도 제주시 도남로 63 ,6.6,064-755-4959,편의점,2020-04-02
휴게음식점,씨유연산홍점,제주특별자치도 제주시 승천로 8 ,6.6,064-755-5587,편의점,2020-04-02
휴게음식점,동우네,제주특별자치도 제주시 연수로3길 23,65.61,064-755-7482,기타 휴게음식점,2020-04-02
휴게음식점,주먹밥이야기,제주특별자치도 제주시 진동로3길 23,52.13,064-755-8294,커피숍,2020-04-02
휴게음식점,파스쿠찌일도점,제주특별자치도 제주시 동광로15길 2,127.52,064-755-8497,커피숍,2020-04-02
휴게음식점,씨유제주남성점,제주특별자치도 제주시 남성로 47-1 ,6.6,064-755-8666,편의점,2020-04-02
휴게음식점,루트호텔구내,제주특별자치도 제주시 고마로15길 33,276.19,064-755-8858,일반조리판매,2020-04-02
휴게음식점,세븐일레븐삼양점,제주특별자치도 제주시 일주동로 368 ,6.6,064-755-8859,편의점,2020-04-02
휴게음식점,대성스카이,제주특별자치도 제주시 중앙로 141,73.71,064-755-9470,일반조리판매,2020-04-02
휴게음식점,동화문구내,제주특별자치도 제주시 동화로1길 47 ,9.9,064-755-9989,기타 휴게음식점,2020-04-02
휴게음식점,제주섬마트휴게소,제주특별자치도 제주시 번영로 606,49.5,064-756-0030,편의점,2020-04-02
휴게음식점,폴인슈크레,제주특별자치도 제주시 구남로2길 8 ,78.36,064-756-0786,커피숍,2020-04-02
휴게음식점,씨유제주삼봉로점,제주특별자치도 제주시 삼봉로2길 64,6.6,064-756-0918,편의점,2020-04-02
휴게음식점,떡꼬치전문점,제주특별자치도 제주시 진남로6길 8,29.52,064-756-1125,기타 휴게음식점,2020-04-02
휴게음식점,난김밥넌토스트,제주특별자치도 제주시 번영로 480,90.35,064-756-1256,기타 휴게음식점,2020-04-02
휴게음식점,톰과제리,제주특별자치도 제주시 돈내길 4 ,30.96,064-756-1557,기타 휴게음식점,2020-04-02
휴게음식점,제주앨리스,제주특별자치도 제주시 서광로32길 36-1,99.24,064-756-2224,커피숍,2020-04-02
휴게음식점,배스킨라빈스제주화북점,제주특별자치도 제주시 동화로 8 ,67.2,064-756-3177,기타 휴게음식점,2020-04-02
휴게음식점,정농,제주특별자치도 제주시 전농로 36,110,064-756-4766,다방,2020-04-02
휴게음식점,맛짱김밥동문점,제주특별자치도 제주시 동문로 49 ,22.75,064-756-5005,일반조리판매,2020-04-02
휴게음식점,책갈피속풍경,제주특별자치도 제주시 구남로 31,48.9,064-756-6063,일반조리판매,2020-04-02
휴게음식점,씨유제주법원점,제주특별자치도 제주시 중앙로 319 ,10,064-756-7662,편의점,2020-04-02
휴게음식점,호봉토스트,제주특별자치도 제주시 관덕로 59 ,20.79,064-756-8245,일반조리판매,2020-04-02
휴게음식점,유러피안핫도그,제주특별자치도 제주시 남광로4길 21,46,064-756-8833,일반조리판매,2020-04-02
휴게음식점,뜰방,제주특별자치도 제주시 서광로13길 9 ,75.73,064-756-9212,기타 휴게음식점,2020-04-02
휴게음식점,해동,제주특별자치도 제주시 삼양이동 2267번지 ,28.8,064-756-9445,기타 휴게음식점,2020-04-02
휴게음식점,김가네아라점,제주특별자치도 제주시 중앙로 568,59,064-757-0036,기타 휴게음식점,2020-04-02
휴게음식점,오니기리와이규동제대점,제주특별자치도 제주시 제주대학로 109 ,24,064-757-0290,일반조리판매,2020-04-02
휴게음식점,용,제주특별자치도 제주시 동문로 47 ,52.74,064-757-0722,다방,2020-04-02
휴게음식점,까페띠아모중앙점,제주특별자치도 제주시 중앙로14길 5 ,115.5,064-757-0999,커피숍,2020-04-02
휴게음식점,승주편의분식,제주특별자치도 제주시 동광로1길 3 ,27.44,064-757-1617,일반조리판매,2020-04-02
휴게음식점,아를,제주특별자치도 제주시 아봉로 38,130.25,064-757-2003,커피숍,2020-04-02
휴게음식점,돌산,제주특별자치도 제주시 건입동 1430번지 ,90,064-757-2347,기타 휴게음식점,2020-04-02
휴게음식점,진주,제주특별자치도 제주시 서사로 103-1 ,82,064-757-2422,다방,2020-04-02
휴게음식점,일출,제주특별자치도 제주시 고마로 55,156,064-757-2449,다방,2020-04-02
휴게음식점,씨유제주중앙로점,제주특별자치도 제주시 중앙로14길 1 ,6.6,064-757-2697,편의점,2020-04-02
휴게음식점,장호,제주특별자치도 제주시 서광로 206-1 ,110,064-757-2757,다방,2020-04-02
휴게음식점,소우정,제주특별자치도 제주시 서광로 283 ,156,064-757-3802,다방,2020-04-02
휴게음식점,청춘테이블,제주특별자치도 제주시 동문로 89 ,26.45,064-757-4747,기타 휴게음식점,2020-04-02
휴게음식점,먹자,제주특별자치도 제주시 건입동 940번지 ,30,064-757-4953,기타 휴게음식점,2020-04-02
휴게음식점,씨유제주성지점,제주특별자치도 제주시 중앙로13길 34-10,3.3,064-757-4999,편의점,2020-04-02
휴게음식점,모닥치기,제주특별자치도 제주시 남광로2길 17 ,59.88,064-757-5632,기타 휴게음식점,2020-04-02
휴게음식점,클라우드나인커피,제주특별자치도 제주시 신성로13길 12,161.32,064-757-5752,커피숍,2020-04-02
휴게음식점,녹원,제주특별자치도 제주시 중앙로 122-2 ,40,064-757-6757,다방,2020-04-02
휴게음식점,하이방방,제주특별자치도 제주시 연삼로 360,25.2,064-757-6985,일반조리판매,2020-04-02
휴게음식점,나르시스,제주특별자치도 제주시 관덕로 26 ,59.2,064-757-7111,기타 휴게음식점,2020-04-02
휴게음식점,돌체,제주특별자치도 제주시 신설로11길 37 ,58,064-757-7511,커피숍,2020-04-02
휴게음식점,까사돌,제주특별자치도 제주시 중앙로12길 7,110.28,064-757-7566,커피숍,2020-04-02
휴게음식점,지에스25제주인화점,제주특별자치도 제주시 동광로 113 ,9.9,064-757-8520,편의점,2020-04-02
휴게음식점,스타벅스제주칠성점,제주특별자치도 제주시 관덕로 55,388.9,064-757-9892,커피숍,2020-04-02
휴게음식점,배스킨라빈스31일도점,제주특별자치도 제주시 고마로 104 ,114.28,064-757-9951,기타 휴게음식점,2020-04-02
휴게음식점,불티나왕만두일도점,제주특별자치도 제주시 일도이동 113번지,19.04,064-758-0094,일반조리판매,2020-04-02
휴게음식점,제주킹스토아(주),제주특별자치도 제주시 동문로 82 ,4.98,064-758-0111,기타 휴게음식점,2020-04-02
휴게음식점,에이치마트구내,제주특별자치도 제주시 일주동로 353 ,9.9,064-758-0511,패스트푸드,2020-04-02
휴게음식점,할리스커피제주이도점,제주특별자치도 제주시 승천로 71,148.93,064-758-1107,커피숍,2020-04-02
휴게음식점,이디야제주시청점,제주특별자치도 제주시 광양14길 11 ,54.23,064-758-1307,일반조리판매,2020-04-02
휴게음식점,(주)금자탑 제주퍼시픽호텔구내(랑데뷰),제주특별자치도 제주시 서사로 20 ,138,064-758-2500,기타 휴게음식점,2020-04-02
휴게음식점,제주도그녀,제주특별자치도 제주시 신설로9길 42,82.51,064-758-2555,커피숍,2020-04-02
휴게음식점,더시애틀커피,제주특별자치도 제주시 중앙로 60,14.9,064-758-2948,기타 휴게음식점,2020-04-02
휴게음식점,행복만들기,제주특별자치도 제주시 동광로 5 ,30.09,064-758-2992,커피숍,2020-04-02
휴게음식점,주식회사크라운에셋,제주특별자치도 제주시 삼성로 10 ,117.5,064-758-4200,커피숍,2020-04-02
휴게음식점,씨유제주무근성점,제주특별자치도 제주시 무근성7길 18 ,9.3,064-758-4477,편의점,2020-04-02
휴게음식점,베스킨라빈스광양점,제주특별자치도 제주시 중앙로 224 ,36.88,064-758-5544,기타 휴게음식점,2020-04-02
휴게음식점,피키오븐,제주특별자치도 제주시 노형2길 25,82.99,064-758-5560,커피숍,2020-04-02
휴게음식점,다가미,제주특별자치도 제주시 도남로 111 ,77.85,064-758-5810,일반조리판매,2020-04-02
휴게음식점,다가미아라점,제주특별자치도 제주시 중앙로 530,54.28,064-758-5812,일반조리판매,2020-04-02
휴게음식점,시장,제주특별자치도 제주시 진동로5길 31,8.96,064-758-6468,기타 휴게음식점,2020-04-02
휴게음식점,큰아들,제주특별자치도 제주시 연동9길 29 ,44.69,064-758-7370,일반조리판매,2020-04-02
휴게음식점,모래시계,제주특별자치도 제주시 중앙로 81-1 ,63,064-758-7457,다방,2020-04-02
휴게음식점,칠칠,제주특별자치도 제주시 관덕로17길 7 ,59.29,064-758-7780,다방,2020-04-02
휴게음식점,비원,제주특별자치도 제주시 동문로 23 ,23.45,064-758-8255,다방,2020-04-02
휴게음식점,소영문구,제주특별자치도 제주시 관덕로7길 13 ,5.85,064-758-9114,일반조리판매,2020-04-02
휴게음식점,마루이,제주특별자치도 제주시 탑동로 38,13,064-758-9293,일반조리판매,2020-04-02
휴게음식점,나그네,제주특별자치도 제주시 건입동 1430번지 ,50,064-758-9966,기타 휴게음식점,2020-04-02
휴게음식점,이삭토스트삼화점,제주특별자치도 제주시 화삼북로 36,66,064-759-0030,커피숍,2020-04-02
휴게음식점,미소다방,제주특별자치도 제주시 탑동로 140 ,59.23,064-759-0338,다방,2020-04-02
휴게음식점,프라임PC방,제주특별자치도 제주시 중앙로 310 ,9.9,064-759-1888,기타 휴게음식점,2020-04-02
휴게음식점,씨유제주화북점,제주특별자치도 제주시 화남로 66 ,6.6,064-759-1916,편의점,2020-04-02
휴게음식점,김가네,제주특별자치도 제주시 관덕로11길 8-5 ,55.84,064-759-1919,기타 휴게음식점,2020-04-02
휴게음식점,베리굿,제주특별자치도 제주시 중앙로 240,11.78,064-759-2292,기타 휴게음식점,2020-04-02
휴게음식점,커피다,제주특별자치도 제주시 서광로 197-1,105,064-759-2747,커피숍,2020-04-02
휴게음식점,슐탄케밥,제주특별자치도 제주시 광양14길 7 ,6.6,064-759-2881,일반조리판매,2020-04-02
휴게음식점,도미노피자제주화북점,제주특별자치도 제주시 화삼로 19,114,064-759-3082,패스트푸드,2020-04-02
휴게음식점,커피더쏠제주,제주특별자치도 제주시 곤을길 46 ,31.5,064-759-3846,커피숍,2020-04-02
휴게음식점,씨유이도에코빌점,제주특별자치도 제주시 중앙로 274,3.3,064-759-4100,편의점,2020-04-02
휴게음식점,줄리앙와플앤커피제주점,제주특별자치도 제주시 남녕로 51,59.4,064-759-6119,커피숍,2020-04-02
휴게음식점,씨유제주서광점,제주특별자치도 제주시 서광로 238 ,6.6,064-7597-662,편의점,2020-04-02
휴게음식점,써브웨이제주시청점,제주특별자치도 제주시 중앙로 252,162.49,064-759-7739,패스트푸드,2020-04-02
휴게음식점,제주애비뉴,제주특별자치도 제주시 중앙로 616 ,44.85,064-759-7942,전통찻집,2020-04-02
휴게음식점,타요키즈카페,제주특별자치도 제주시 남성로 75,69.4,064-759-7942,일반조리판매,2020-04-02
휴게음식점,마리웨일마카롱제주일도점,제주특별자치도 제주시 고마로 115,49.6,064-759-9602,커피숍,2020-04-02
휴게음식점,탑팰리스관광호텔구내,제주특별자치도 제주시 중앙로 34,108.34,064-759-9901,일반조리판매,2020-04-02
휴게음식점,스무디킹제주노형CGV점,제주특별자치도 제주시 노형로 407,46.94,064-767-4040,커피숍,2020-04-02
휴게음식점,평화박물관 휴게소,제주특별자치도 제주시 한경면 청수서5길 63,54,064-772-2500,기타 휴게음식점,2020-04-02
휴게음식점,굿모닝마트,제주특별자치도 제주시 한경면 저지10길 2,10.77,064-772-2588,일반조리판매,2020-04-02
휴게음식점,유연,제주특별자치도 제주시 한경면 녹차분재로 685-21,124.6,064-772-3701,기타 휴게음식점,2020-04-02
휴게음식점,쉼팡,제주특별자치도 제주시 한경면 녹차분재로 678,41.85,064-772-3701,커피숍,2020-04-02
휴게음식점,(주)제주유리의성구내,제주특별자치도 제주시 한경면 녹차분재로 462,134.49,064-772-7777,일반조리판매,2020-04-02
휴게음식점,씨유제주신창점,제주특별자치도 제주시 한경면 두신로 80,13.2,064-772-7906,편의점,2020-04-02
휴게음식점,수월다방,제주특별자치도 제주시 한경면 고산로 23,114.16,064-773-0027,다방,2020-04-02
휴게음식점,틸다하우스,제주특별자치도 제주시 한경면 중산간서로 3367-1,97.2,064-773-0033,커피숍,2020-04-02
휴게음식점,스토리온,제주특별자치도 제주시 한경면 용금로 862-21,56,064-773-0664,커피숍,2020-04-02
휴게음식점,올레향,제주특별자치도 제주시 한경면 저지9길 45,19.8,064-773-1011,커피숍,2020-04-02
휴게음식점,담담,제주특별자치도 제주시 한경면 저지12길 60,74.25,064-773-5932,커피숍,2020-04-02
휴게음식점,소노벨제주비비큐1호점,제주특별자치도 제주시 조천읍 신북로 577,83.42,064-780-5040,커피숍,2020-04-02
휴게음식점,한빛휴게음식점,제주특별자치도 제주시 조천읍 신흥리 203번지 ,13.5,064-782-0130,기타 휴게음식점,2020-04-02
휴게음식점,카페삼오삼오쩜일,제주특별자치도 제주시 조천읍 함덕2길 82,96,064-782-0335,커피숍,2020-04-02
휴게음식점,알라스카인제주,제주특별자치도 제주시 조천읍 신북로 572,97.1,064-782-1179,커피숍,2020-04-02
휴게음식점,씨유제주세화중앙점,제주특별자치도 제주시 구좌읍 구좌로 49,6.6,064-782-1278,편의점,2020-04-02
휴게음식점,가비오타,제주특별자치도 제주시 구좌읍 해맞이해안로 2030,111.48,064-782-1419,커피숍,2020-04-02
휴게음식점,파랑숲라운지,제주특별자치도 제주시 구좌읍 구좌해안로 210,93.12,064-782-1515,전통찻집,2020-04-02
휴게음식점,피자가기가막혀구좌점,제주특별자치도 제주시 구좌읍 구좌로 53,33,064-782-2227,패스트푸드,2020-04-02
휴게음식점,피자투어함덕점,제주특별자치도 제주시 조천읍 함와로 40,44.6,064-782-2282,패스트푸드,2020-04-02
휴게음식점,연,제주특별자치도 제주시 조천읍 교래리 732번지,72,064-782-3111,기타 휴게음식점,2020-04-02
휴게음식점,서울국수가게,제주특별자치도 제주시 구좌읍 세화3길 30-2,36,064-782-3666,일반조리판매,2020-04-02
휴게음식점,세원다방,제주특별자치도 제주시 구좌읍 구좌로 33-13,68.2,064-782-5866,다방,2020-04-02
휴게음식점,띠띠빵빵,제주특별자치도 제주시 우도면 우도해안길 982,113.4,064-782-5959,커피숍,2020-04-02
휴게음식점,숲애,제주특별자치도 제주시 조천읍 교래2길 7,107.64,064-782-6464,기타 휴게음식점,2020-04-02
휴게음식점,씨유제주교래점,제주특별자치도 제주시 조천읍 비자림로 684,6.6,064-782-6542,편의점,2020-04-02
휴게음식점,가문장가계,제주특별자치도 제주시 조천읍 선교로 474,46,064-782-7039,일반조리판매,2020-04-02
휴게음식점,파도,제주특별자치도 제주시 조천읍 신북로 546,47.5,064-782-7510,다방,2020-04-02
휴게음식점,까페드메종,제주특별자치도 제주시 구좌읍 일주동로 1724,110.48,064-782-8000,커피숍,2020-04-02
휴게음식점,마커스카페,제주특별자치도 제주시 구좌읍 행원로1길 32,102.12,064-782-8277,커피숍,2020-04-02
휴게음식점,에밀리파크,제주특별자치도 제주시 조천읍 조천우회로 104,369.29,064-783-0518,커피숍,2020-04-02
휴게음식점,세븐일레븐제주게스트하우스점,제주특별자치도 제주시 조천읍 신북로 643,7,064-783-0911,편의점,2020-04-02
휴게음식점,아모르하우스,제주특별자치도 제주시 구좌읍 해맞이해안로 2060-20,108.75,064-783-1111,일반조리판매,2020-04-02
휴게음식점,향다방,제주특별자치도 제주시 구좌읍 구좌로 44,81.2,064-783-2024,다방,2020-04-02
휴게음식점,해성다방,제주특별자치도 제주시 구좌읍 구좌로 36,92.21,064-783-2040,다방,2020-04-02
휴게음식점,숲속물고기,제주특별자치도 제주시 조천읍 비자림로 422-2,35.77,064-783-2222,일반조리판매,2020-04-02
휴게음식점,장미다방,제주특별자치도 제주시 구좌읍 구좌로 34-1,96.99,064-783-2325,다방,2020-04-02
휴게음식점,교차로,제주특별자치도 제주시 구좌읍 구좌로 52,64,064-783-2545,다방,2020-04-02
휴게음식점,산호풍경,제주특별자치도 제주시 우도면 서광리 2516번지 ,94.7,064-783-3542,일반조리판매,2020-04-02
휴게음식점,한울랜드커피숍,제주특별자치도 제주시 구좌읍 동백로 458,88,064-783-5788,커피숍,2020-04-02
휴게음식점,휴게편의마트,제주특별자치도 제주시 구좌읍 만장굴길 182,70,064-783-5900,일반조리판매,2020-04-02
휴게음식점,(주)산굼부리,제주특별자치도 제주시 조천읍 비자림로 768,27.9,064-783-9900,과자점,2020-04-02
휴게음식점,커피타임,제주특별자치도 제주시 조천읍 신북로 507,23.5,064-783-9908,커피숍,2020-04-02
휴게음식점,일조,제주특별자치도 제주시 구좌읍 구좌로 48,96,064-784-1411,다방,2020-04-02
휴게음식점,블랑벨,제주특별자치도 제주시 구좌읍 비자림로 1220,159.75,064-784-1555,전통찻집,2020-04-02
휴게음식점,초콜릿뮤지움,제주특별자치도 제주시 우도면 우도해안길 256-2,67.2,064-784-2171,일반조리판매,2020-04-02
휴게음식점,일이육삼,제주특별자치도 제주시 구좌읍 일주동로 1925,79.02,064-784-2264,커피숍,2020-04-02
휴게음식점,베네치아,제주특별자치도 제주시 조천읍 신북로 481-9,129.49,064-784-2525,기타 휴게음식점,2020-04-02
휴게음식점,우도올레쉼터,제주특별자치도 제주시 우도면 우도봉길 47,95,064-784-3223,편의점,2020-04-02
휴게음식점,캐릭월드,제주특별자치도 제주시 조천읍 선교로 264,103,064-784-3500,일반조리판매,2020-04-02
휴게음식점,엉클망고,제주특별자치도 제주시 우도면 우도해안길 342,36,064-784-3799,커피숍,2020-04-02
휴게음식점,메이즈,제주특별자치도 제주시 구좌읍 비자림로 2134-47,128.6,064-784-3838,커피숍,2020-04-02
휴게음식점,맛짱맛,제주특별자치도 제주시 조천읍 신북로 532,14,064-784-5050,기타 휴게음식점,2020-04-02
휴게음식점,GS25제주함덕점,제주특별자치도 제주시 조천읍 함덕13길 2,7.5,064-784-5151,편의점,2020-04-02
휴게음식점,하오,제주특별자치도 제주시 조천읍 비자림로 637,29.11,064-784-5300,커피숍,2020-04-02
휴게음식점,행복한슈기,제주특별자치도 제주시 구좌읍 중산간동로 2266,23.76,064-784-6982,커피숍,2020-04-02
휴게음식점,사굴식당,제주특별자치도 제주시 구좌읍 만장굴길 34,18.45,064-784-7049,일반조리판매,2020-04-02
휴게음식점,헬로남생이,제주특별자치도 제주시 조천읍 원당북로 197-20,208.81,064-784-7300,커피숍,2020-04-02
휴게음식점,빠리분식,제주특별자치도 제주시 흥운길 12,26.41,064-784-7300,일반조리판매,2020-04-02
휴게음식점,토브,제주특별자치도 제주시 조천읍 신촌10길 20-5,31.95,064-784-7788,커피숍,2020-04-02
휴게음식점,만남,제주특별자치도 제주시 구좌읍 구좌로 29-1,0,064-784-8070,다방,2020-04-02
휴게음식점,섬사랑편의점구내,제주특별자치도 제주시 우도면 조일리 317번지 ,18,064-784-8380,편의점,2020-04-02
휴게음식점,제주레포츠랜드,제주특별자치도 제주시 조천읍 와흘상서2길 47,177.87,064-784-8800,일반조리판매,2020-04-02
휴게음식점,부러워커피,제주특별자치도 제주시 동문로 17,36.32,064-784-8810,커피숍,2020-04-02
휴게음식점,정다운다방,제주특별자치도 제주시 구좌읍 구좌로 46,0,064-784-8840,다방,2020-04-02
휴게음식점,바람아래,제주특별자치도 제주시 구좌읍 덕행로 175,66,064-784-9611,커피숍,2020-04-02
휴게음식점,캐릭랜드,제주특별자치도 제주시 조천읍 선흘리 2013번지,253.26,064-784-9903,일반조리판매,2020-04-02
휴게음식점,다락담소,제주특별자치도 제주시 애월읍 하귀로 64,65,064-792-8161,커피숍,2020-04-02
휴게음식점,투썸플레이스라온명품관점,제주특별자치도 제주시 한림읍 금능남로 127,66,064-795-3200,커피숍,2020-04-02
휴게음식점,쌍용각,제주특별자치도 제주시 한림읍 한림로 300,81.36,064-796-0008,과자점,2020-04-02
휴게음식점,설문대,제주특별자치도 제주시 한림읍 한림해안로 160,80.92,064-796-0224,다방,2020-04-02
휴게음식점,한림다방,제주특별자치도 제주시 한림읍 한림로17길 5,38.56,064-796-0500,다방,2020-04-02
휴게음식점,카페드롭탑제주협재점,제주특별자치도 제주시 한림읍 한림로 450,257.66,064-796-0779,커피숍,2020-04-02
휴게음식점,피자굽는곰아저씨,제주특별자치도 제주시 한림읍 한림중앙로 10-1,23.22,064-796-0896,패스트푸드,2020-04-02
휴게음식점,주식회사헤밍웨이하우스,제주특별자치도 제주시 한림읍 한림로 431,249.43,064-796-0949,커피숍,2020-04-02
휴게음식점,우유부단,제주특별자치도 제주시 한림읍 금악동길 38,56,064-796-2033,커피숍,2020-04-02
휴게음식점,제일다방,제주특별자치도 제주시 한림읍 한림리 1371번지 ,53,064-796-2104,기타 휴게음식점,2020-04-02
휴게음식점,한림읍사무소구내식당,제주특별자치도 제주시 한림읍 한림상로 132,182.79,064-796-3001,일반조리판매,2020-04-02
휴게음식점,달숲하우스,제주특별자치도 제주시 한림읍 명재로 35,37.8,064-796-3150,커피숍,2020-04-02
휴게음식점,지에스25제주한림로점,제주특별자치도 제주시 한림읍 한림로 691,6.6,064-796-3301,편의점,2020-04-02
휴게음식점,놀랄만두하군,제주특별자치도 제주시 한림읍 한림로 662,30.37,064-796-3990,일반조리판매,2020-04-02
휴게음식점,동백다방,제주특별자치도 제주시 한림읍 한림로17길 16,89.82,064-796-4358,다방,2020-04-02
휴게음식점,최마담네,제주특별자치도 제주시 한림읍 한림로 417,59.5,064-796-6872,커피숍,2020-04-02
휴게음식점,리틀로컬,제주특별자치도 제주시 한림읍 한림남2길 24,38.22,064-796-7151,일반조리판매,2020-04-02
휴게음식점,씨유제주협재점,제주특별자치도 제주시 한림읍 한림로 387-1,8.8,064-796-7925,편의점,2020-04-02
휴게음식점,앤트러사이트,제주특별자치도 제주시 한림읍 한림로 564,282.13,064-796-7991,커피숍,2020-04-02
휴게음식점,씨유제주명월점,제주특별자치도 제주시 한림읍 명월로 86,6.6,064-796-8686,일반조리판매,2020-04-02
휴게음식점,대현다방,제주특별자치도 제주시 한림읍 한림해안로 147,105.59,064-796-8806,다방,2020-04-02
휴게음식점,하우스레서피당근케이크,제주특별자치도 제주시 한림읍 일주서로 5892,48.36,064-796-9440,일반조리판매,2020-04-02
휴게음식점,(주)네스트힐,제주특별자치도 제주시 한림읍 명월성로 394,70.31,064-796-9999,커피숍,2020-04-02
휴게음식점,호텔스카이파크구내,제주특별자치도 제주시 삼무로 48 ,22.5,064-797-000,기타 휴게음식점,2020-04-02
휴게음식점,달콤커피제니아점,제주특별자치도 제주시 은남1길 25,73.36,064-797-9097,커피숍,2020-04-02
휴게음식점,(주)이마트신제주점1호,제주특별자치도 제주시 1100로 3348 ,16.72,064-798-1053,일반조리판매,2020-04-02
휴게음식점,(주)이마트신제주점4호,제주특별자치도 제주시 1100로 3348 ,32.4,064-798-1053,일반조리판매,2020-04-02
휴게음식점,(주)이마트신제주점5호,제주특별자치도 제주시 1100로 3348 ,5.94,064-798-1053,일반조리판매,2020-04-02
휴게음식점,(주)이마트신제주점6호,제주특별자치도 제주시 1100로 3348 ,27.02,064-798-1053,일반조리판매,2020-04-02
휴게음식점,롯데마트제주점델리카1,제주특별자치도 제주시 연북로 1 ,5.2,064-798-2500,패스트푸드,2020-04-02
휴게음식점,롯데마트제주점델리카2,제주특별자치도 제주시 연북로 1 ,6.2,064-798-2500,편의점,2020-04-02
휴게음식점,롯데마트제주점델리카3,제주특별자치도 제주시 연북로 1 ,2.8,064-798-2500,기타 휴게음식점,2020-04-02
휴게음식점,롯데마트제주점델리카4,제주특별자치도 제주시 연북로 1 ,3.8,064-798-2500,일반조리판매,2020-04-02
휴게음식점,열정과배려,제주특별자치도 제주시 연북로 1 ,18.6,064-798-2530,일반조리판매,2020-04-02
휴게음식점,라운지엘리시안,제주특별자치도 제주시 애월읍 평화로 1738-116,39.34,064-798-7146,커피숍,2020-04-02
휴게음식점,피자투어애월하나로마트점,제주특별자치도 제주시 애월읍 애원로 41,16.5,064-799-0084,패스트푸드,2020-04-02
휴게음식점,테디베어사파리스넥,제주특별자치도 제주시 애월읍 평화로 2157,23,064-799-1120,편의점,2020-04-02
휴게음식점,본까페애월,제주특별자치도 제주시 애월읍 애월해안로 179,187.36,064-799-1170,커피숍,2020-04-02
휴게음식점,인디고,제주특별자치도 제주시 애월읍 애월해안로 204,144.85,064-799-1218,커피숍,2020-04-02
휴게음식점,루스톤,제주특별자치도 제주시 애월읍 애월해안로 408,210.42,064-799-1671,일반조리판매,2020-04-02
휴게음식점,파스쿠찌제주유수암점,제주특별자치도 제주시 애월읍 유수암평화길 242,163.21,064-799-2118,커피숍,2020-04-02
휴게음식점,씨유제주하가리연꽃점,제주특별자치도 제주시 애월읍 하가로 167-2,6.6,064-799-2308,기타 휴게음식점,2020-04-02
휴게음식점,올레소프트,제주특별자치도 제주시 애월읍 녹근로 113-1,42.81,064-799-2625,커피숍,2020-04-02
휴게음식점,돈파스타정원,제주특별자치도 제주시 애월읍 애월해안로 364,203.36,064-799-3336,일반조리판매,2020-04-02
휴게음식점,빈센트커피아라점,제주특별자치도 제주시 중앙로 580,135.3,064-799-3650,커피숍,2020-04-02
휴게음식점,올림피아베이커리,제주특별자치도 제주시 애월읍 애월로11길 25,27.26,064-799-3702,과자점,2020-04-02
휴게음식점,라스또르따스,제주특별자치도 제주시 애월읍 애월해안로 274,38.61,064-799-5100,기타 휴게음식점,2020-04-02
휴게음식점,프시케,제주특별자치도 제주시 애월읍 평화로 2157,12.96,064-799-7272,일반조리판매,2020-04-02
휴게음식점,퀴즈노스제주애월점,제주특별자치도 제주시 애월읍 애월로1길 24-3,68.5,064-799-8786,패스트푸드,2020-04-02
휴게음식점,애월물류마트구내,제주특별자치도 제주시 애월읍 애월로11길 25,16,064-799-9878,일반조리판매,2020-04-02
휴게음식점,무병장수테마파크,제주특별자치도 제주시 애월읍 어음리 477번지 ,87.25,064-799-9983,일반조리판매,2020-04-02
휴게음식점,에코랜드라벤다앤그린티로즈가든역,제주특별자치도 제주시 조천읍 남조로 1982,44.78,064-802-8000,커피숍,2020-04-02
휴게음식점,에코랜드에코로드카페,제주특별자치도 제주시 조천읍 남조로 1982 ,156.32,064-802-8054,커피숍,2020-04-02
휴게음식점,에코랜드레이크카페,제주특별자치도 제주시 조천읍 남조로 1982,139.68,064-802-8054,커피숍,2020-04-02
휴게음식점,망고버스,제주특별자치도 제주시 노형3길 6-9,62.49,064-805-7033,커피숍,2020-04-02
휴게음식점,꽃밭에서,제주특별자치도 제주시 516로 3157 ,69.16,067-759-0516,커피숍,2020-04-02
휴게음식점,아띠마루커피랩,제주특별자치도 제주시 서광로 161 ,38.52,070-4100-6600,커피숍,2020-04-02
휴게음식점,카페베네연동점,제주특별자치도 제주시 노연로 119 ,148,070-4117-6232,커피숍,2020-04-02
휴게음식점,킴스피시방,제주특별자치도 제주시 고산동산5길 22 ,13,070-4131-8909,기타 휴게음식점,2020-04-02
휴게음식점,빵굽는놀이터,제주특별자치도 제주시 조천읍 신촌3길 48,84,070-4132-1922,커피숍,2020-04-02
휴게음식점,만나,제주특별자치도 제주시 애월읍 광령평화3길 13,66.52,070-4143-0912,일반조리판매,2020-04-02
휴게음식점,아주르3025,제주특별자치도 제주시 정든로2길 27,66.92,070-4220-3025,커피숍,2020-04-02
휴게음식점,커피곰여행자,제주특별자치도 제주시 구좌읍 문주란로 12,28.8,070-4226-0546,커피숍,2020-04-02
휴게음식점,카페공작소,제주특별자치도 제주시 구좌읍 해맞이해안로 1446,99.6,070-4548-0752,커피숍,2020-04-02
휴게음식점,문즈,제주특별자치도 제주시 공설로 35-1 ,86.53,070-4551-3270,커피숍,2020-04-02
휴게음식점,아라동카페,제주특별자치도 제주시 연북로 533,57.14,070-4642-8625,커피숍,2020-04-02
휴게음식점,정가란정찬,제주특별자치도 제주시 인다5길 11-7,39.53,070-5111-2328,일반조리판매,2020-04-02
휴게음식점,한국맥도날드(유)제주공항디티점,제주특별자치도 제주시 도령로 159,499.6,070-7209-0518,패스트푸드,2020-04-02
휴게음식점,한국맥도날드(유)제주일도DT점,제주특별자치도 제주시 동광로 134,454.27,070-7209-0580,패스트푸드,2020-04-02
휴게음식점,디오리오르카페,제주특별자치도 제주시 한경면 용금로 862-34,97.02,070-7721-5256,커피숍,2020-04-02
휴게음식점,엘가커피,제주특별자치도 제주시 연북로 88,327.37,070-7724-1726,커피숍,2020-04-02
휴게음식점,퀴즈노스서브,제주특별자치도 제주시 연북로 41,46.76,070-7781-6421,패스트푸드,2020-04-02
휴게음식점,감성팥쥐,제주특별자치도 제주시 원노형로 48-1 ,54.81,070-8773-9522,커피숍,2020-04-02
휴게음식점,계절상점,제주특별자치도 제주시 전농로 96,16,070-8837-4560,기타 휴게음식점,2020-04-02
휴게음식점,온쉼표,제주특별자치도 제주시 한경면 녹차분재로 827-53,87.01,070-8900-8859,일반조리판매,2020-04-02
휴게음식점,동성,제주특별자치도 제주시 동문로 102 ,56,-,다방,2020-04-02
휴게음식점,그리스,제주특별자치도 제주시 중앙로 228 ,36.86,-,기타 휴게음식점,2020-04-02
휴게음식점,커피피플,제주특별자치도 제주시 광양13길 4 ,59.4,-,커피숍,2020-04-02
휴게음식점,베스킨라빈스제주칠성분점,제주특별자치도 제주시 관덕로11길 24 ,62.15,-,기타 휴게음식점,2020-04-02
휴게음식점,와플반트,제주특별자치도 제주시 고마로 143 ,60,-,기타 휴게음식점,2020-04-02
휴게음식점,인화삐삐,제주특별자치도 제주시 신산로15길 38 ,8.45,-,기타 휴게음식점,2020-04-02
휴게음식점,차의향기,제주특별자치도 제주시 칠성로길 38,80.35,-,커피숍,2020-04-02
휴게음식점,맛짱김밥도남점,제주특별자치도 제주시 신성로 69-1 ,24.05,-,기타 휴게음식점,2020-04-02
휴게음식점,상하이,제주특별자치도 제주시 1100로 3348 ,59.3,-,일반조리판매,2020-04-02
휴게음식점,윤스오리지널주식회사이마트신제주점2,제주특별자치도 제주시 1100로 3348 ,15.96,-,일반조리판매,2020-04-02
휴게음식점,수라정,제주특별자치도 제주시 1100로 3348 ,60.76,-,일반조리판매,2020-04-02
휴게음식점,제주해양경찰서구내,제주특별자치도 제주시 임항로 154 ,106.32,-,일반조리판매,2020-04-02
휴게음식점,마지막휴게편의점,제주특별자치도 제주시 애월읍 광령2리 2655번지,29.52,-,편의점,2020-04-02
휴게음식점,오라마트,제주특별자치도 제주시 신광로 44 ,7.65,-,편의점,2020-04-02
휴게음식점,문개항아리,제주특별자치도 제주시 조천읍 조함해안로 217-1,237.5,-,기타 휴게음식점,2020-04-02
휴게음식점,용우동중앙점,제주특별자치도 제주시 중앙로 60 ,111.54,-,일반조리판매,2020-04-02
휴게음식점,봄봄,제주특별자치도 제주시 제주대학로 105-1 ,35,-,패스트푸드,2020-04-02
휴게음식점,찻잔속에,제주특별자치도 제주시 오복2길 38 ,58.4,-,다방,2020-04-02
휴게음식점,한마음편의점,제주특별자치도 제주시 남광로 115 ,16.8,-,기타 휴게음식점,2020-04-02
휴게음식점,도니버거,제주특별자치도 제주시 서문로 49 ,23.04,-,패스트푸드,2020-04-02
휴게음식점,대유분식,제주특별자치도 제주시 한림읍 한림로 659-1,10.47,-,기타 휴게음식점,2020-04-02
휴게음식점,원식품,제주특별자치도 제주시 한경면 신한로 76,7.98,-,기타 휴게음식점,2020-04-02
휴게음식점,석봉토스트제주시청점,제주특별자치도 제주시 중앙로 212 ,6.96,-,패스트푸드,2020-04-02
휴게음식점,이디야커피연동점,제주특별자치도 제주시 신광로 27 ,89.89,-,커피숍,2020-04-02
휴게음식점,호꼴락쪼꼴락,제주특별자치도 제주시 다랑곶6길 10,10.73,-,일반조리판매,2020-04-02
휴게음식점,올래국수,제주특별자치도 제주시 귀아랑길 24,102.96,-,일반조리판매,2020-04-02
휴게음식점,마농떡볶이,제주특별자치도 제주시 연화로 49 ,44.5,-,일반조리판매,2020-04-02
휴게음식점,꼬마팬시,제주특별자치도 제주시 도남로8길 21 ,8,-,기타 휴게음식점,2020-04-02
휴게음식점,올챙이,제주특별자치도 제주시 조천읍 신북로 42,8,-,일반조리판매,2020-04-02
휴게음식점,하나,제주특별자치도 제주시 애월읍 하귀1리 554번지,38,-,기타 휴게음식점,2020-04-02
휴게음식점,깐돌이분식,제주특별자치도 제주시 지석14길 8 ,28,-,일반조리판매,2020-04-02
휴게음식점,너믈재휴게소,제주특별자치도 제주시 516로 3157 ,25,-,기타 휴게음식점,2020-04-02
휴게음식점,사랑김밥,제주특별자치도 제주시 수덕9길 35,82.5,-,일반조리판매,2020-04-02
휴게음식점,씨유제주뜨란채점,제주특별자치도 제주시 수덕로 44,10,-,일반조리판매,2020-04-02
휴게음식점,컨츄리하우스,제주특별자치도 제주시 동광로8길 17-2 ,64.29,-,커피숍,2020-04-02
휴게음식점,에스피씨(주)제주공항점,제주특별자치도 제주시 공항로 2,26.6,-,과자점,2020-04-02
휴게음식점,스카이리더스호텔,제주특별자치도 제주시 신광로 106 ,144.02,-,일반조리판매,2020-04-02
휴게음식점,명동왕만두,제주특별자치도 제주시 조천읍 신북로 209,16.05,-,일반조리판매,2020-04-02
휴게음식점,용가리네와플씨,제주특별자치도 제주시 일주동로 103 ,19.8,-,기타 휴게음식점,2020-04-02
휴게음식점,구엄25시편의점구내,제주특별자치도 제주시 애월읍 일주서로 6781,5,-,편의점,2020-04-02
휴게음식점,한림닭집,제주특별자치도 제주시 한림읍 한림중앙로 22,19.8,-,일반조리판매,2020-04-02
휴게음식점,씨유제주신삼양점,제주특별자치도 제주시 일주동로 379 ,6.6,-,편의점,2020-04-02
휴게음식점,씨유제주여상점,제주특별자치도 제주시 동문로 95 ,6.6,-,편의점,2020-04-02
휴게음식점,씨유제주한림항점,제주특별자치도 제주시 한림읍 한림해안로 160,6.6,-,편의점,2020-04-02
휴게음식점,지에스25이도사랑,제주특별자치도 제주시 연삼로 417 ,6,-,편의점,2020-04-02
휴게음식점,킴스수제만두꼬치,제주특별자치도 제주시 남광로 11 ,19.8,-,일반조리판매,2020-04-02
휴게음식점,서희원꼬지닷컴한라점,제주특별자치도 제주시 연화로 35 ,58.76,-,일반조리판매,2020-04-02
휴게음식점,씨유제주신하와이점,제주특별자치도 제주시 도령로 40,8,-,편의점,2020-04-02
휴게음식점,나무,제주특별자치도 제주시 연동7길 30 ,63.9,-,커피숍,2020-04-02
휴게음식점,커피하우스,제주특별자치도 제주시 조천읍 함와로 40,19.8,-,커피숍,2020-04-02
휴게음식점,원비원,제주특별자치도 제주시 구좌읍 구좌로 37-3,62.81,-,다방,2020-04-02
휴게음식점,예담분식,제주특별자치도 제주시 신산로15길 36 ,49.5,-,일반조리판매,2020-04-02
휴게음식점,마리나,제주특별자치도 제주시 신대로5길 4,89.9,-,커피숍,2020-04-02
휴게음식점,벅스PC방,제주특별자치도 제주시 연삼로 350 ,6.6,-,기타 휴게음식점,2020-04-02
휴게음식점,베리라이크,제주특별자치도 제주시 다랑곶길 11 ,68.34,-,커피숍,2020-04-02
휴게음식점,씨유한림중앙점,제주특별자치도 제주시 한림읍 한림중앙로 23,6.6,-,편의점,2020-04-02
휴게음식점,씨유제주하귀주공점,제주특별자치도 제주시 애월읍 하광로 50,6.6,-,편의점,2020-04-02
휴게음식점,포그네,제주특별자치도 제주시 월랑로 45,3.75,-,일반조리판매,2020-04-02
휴게음식점,김밥천국삼화점,제주특별자치도 제주시 동화로 7 ,36,-,일반조리판매,2020-04-02
휴게음식점,세븐일레븐제주용담점,제주특별자치도 제주시 성화로4길 10,6.6,-,패스트푸드,2020-04-02
휴게음식점,꼬또분식,제주특별자치도 제주시 비월길 30 ,13.23,-,일반조리판매,2020-04-02
휴게음식점,땡큐핫도그앤커피,제주특별자치도 제주시 신대로 67 ,72.01,-,커피숍,2020-04-02
휴게음식점,산토끼,제주특별자치도 제주시 월대2길 8-1,13.12,-,일반조리판매,2020-04-02
휴게음식점,커피향기,제주특별자치도 제주시 애월읍 일주서로 6189,29.7,-,일반조리판매,2020-04-02
휴게음식점,피자굽는아저씨,제주특별자치도 제주시 연동4길 12 ,49.5,-,패스트푸드,2020-04-02
휴게음식점,초콜릿피시방구내,제주특별자치도 제주시 도남로 43 ,6.6,-,기타 휴게음식점,2020-04-02
휴게음식점,제일24시편의점,제주특별자치도 제주시 관덕로15길 4 ,10,-,편의점,2020-04-02
휴게음식점,던킨도너츠제주대학교점,제주특별자치도 제주시 제주대학로 102 ,82.5,-,기타 휴게음식점,2020-04-02
휴게음식점,세븐일레븐제주대학교글로벌점,제주특별자치도 제주시 제주대학로 102 ,22,-,편의점,2020-04-02
휴게음식점,나인,제주특별자치도 제주시 신설로9길 30,67.93,-,커피숍,2020-04-02
휴게음식점,엘케이피씨방구내,제주특별자치도 제주시 서광로 262,6.6,-,일반조리판매,2020-04-02
휴게음식점,난타오천한림점,제주특별자치도 제주시 한림읍 한림로 655,43.08,-,패스트푸드,2020-04-02
휴게음식점,제주떡볶이,제주특별자치도 제주시 정존11길 23,6.6,-,일반조리판매,2020-04-02
휴게음식점,분홍씨,제주특별자치도 제주시 애월읍 곽지11길 7,30.23,-,커피숍,2020-04-02
휴게음식점,지에스25제주유정점,제주특별자치도 제주시 서광로20길 12 ,6.6,-,편의점,2020-04-02
휴게음식점,배스킨라빈스제주중앙점,제주특별자치도 제주시 중앙로 72,69.18,-,기타 휴게음식점,2020-04-02
휴게음식점,제주만두,제주특별자치도 제주시 중앙로14길 4-1,55.04,-,일반조리판매,2020-04-02
휴게음식점,유랑노점아일랜드조르바,제주특별자치도 제주시 구좌읍 대수길 9,20.72,-,커피숍,2020-04-02
휴게음식점,뽀빠이왕만두,제주특별자치도 제주시 용담로 83-2 ,49.68,-,기타 휴게음식점,2020-04-02
휴게음식점,씨유제주대림점,제주특별자치도 제주시 과원북2길 48 ,3.3,-,편의점,2020-04-02
휴게음식점,투투피씨존,제주특별자치도 제주시 삼무로 50,9.9,-,기타 휴게음식점,2020-04-02
휴게음식점,씨유제주남문점,제주특별자치도 제주시 서사로 35 ,9.9,-,편의점,2020-04-02
휴게음식점,세바,제주특별자치도 제주시 조천읍 선흘동2길 20-7,94.26,-,커피숍,2020-04-02
휴게음식점,난타오천법원점,제주특별자치도 제주시 남광로 8 ,90.41,-,패스트푸드,2020-04-02
휴게음식점,지에스25제주수덕점,제주특별자치도 제주시 수덕5길 40,10,-,편의점,2020-04-02
휴게음식점,카카듀,제주특별자치도 제주시 박성내서길 18,190,-,커피숍,2020-04-02
휴게음식점,블로그시즌투피시방구내,제주특별자치도 제주시 도남로 42 ,6.6,-,기타 휴게음식점,2020-04-02
휴게음식점,제주대정문점빽다방,제주특별자치도 제주시 제주대학로7길 9,39,-,커피숍,2020-04-02
휴게음식점,고봉민김밥인노형점,제주특별자치도 제주시 월랑로 35 ,44.93,-,기타 휴게음식점,2020-04-02
휴게음식점,아이엔지커피,제주특별자치도 제주시 동문로 72 ,5.7,-,커피숍,2020-04-02
휴게음식점,피자굽는곰아저씨외도점,제주특별자치도 제주시 우정로11길 11 ,62.71,-,패스트푸드,2020-04-02
휴게음식점,우리동네피시방,제주특별자치도 제주시 남광로 135 ,6.6,-,기타 휴게음식점,2020-04-02
휴게음식점,이음,제주특별자치도 제주시 신설로2길 5-1,75.57,-,커피숍,2020-04-02
휴게음식점,드림제주,제주특별자치도 제주시 중앙로 60,23.06,-,기타 휴게음식점,2020-04-02
휴게음식점,지에스25제주애월점,제주특별자치도 제주시 애월읍 애월로 113,3.3,-,편의점,2020-04-02
휴게음식점,박샘플라워,제주특별자치도 제주시 중앙로 124-1 ,15,-,일반조리판매,2020-04-02
휴게음식점,분식꾸러기,제주특별자치도 제주시 한림읍 한림남2길 21,19.8,-,일반조리판매,2020-04-02
휴게음식점,카페일오공에프,제주특별자치도 제주시 남광로2길 17 ,40.19,-,커피숍,2020-04-02
휴게음식점,귤꽃,제주특별자치도 제주시 조천읍 함덕2길 90,60.31,-,커피숍,2020-04-02
휴게음식점,템푸스,제주특별자치도 제주시 구좌읍 해맞이해안로 478,59.88,-,커피숍,2020-04-02
휴게음식점,꽃이피다,제주특별자치도 제주시 진군3길 27-23 ,99.8,-,커피숍,2020-04-02
휴게음식점,돌담풍경,제주특별자치도 제주시 한경면 녹차분재로 526,88,-,커피숍,2020-04-02
휴게음식점,춤추는염소들,제주특별자치도 제주시 연동12길 30 ,51.32,-,커피숍,2020-04-02
휴게음식점,명진전복주식회사,제주특별자치도 제주시 구좌읍 해맞이해안로 1282,136.54,-,일반조리판매,2020-04-02
휴게음식점,김여사네,제주특별자치도 제주시 조천읍 신북로 544,29.58,-,일반조리판매,2020-04-02
휴게음식점,빵심이,제주특별자치도 제주시 테우해안로 160 ,5,-,일반조리판매,2020-04-02
휴게음식점,투썸플레이스제주연동점,제주특별자치도 제주시 신광로 79 ,303.6,-,커피숍,2020-04-02
휴게음식점,팡,제주특별자치도 제주시 지석11길 23 ,86,-,커피숍,2020-04-02
휴게음식점,아이비스피씨방구내,제주특별자치도 제주시 고마로 95 ,6.6,-,커피숍,2020-04-02
휴게음식점,씨유제주동양콘도점,제주특별자치도 제주시 애월읍 애월해안로 708,6.6,-,편의점,2020-04-02
휴게음식점,엔제리너스제주공항테이크아웃점,제주특별자치도 제주시 공항로 2 ,57.3,-,커피숍,2020-04-02
휴게음식점,이층커피,제주특별자치도 제주시 동문로 56 ,72.96,-,커피숍,2020-04-02
휴게음식점,하비마카롱,제주특별자치도 제주시 연삼로 449,132.48,-,커피숍,2020-04-02
휴게음식점,노을과원담,제주특별자치도 제주시 한경면 한경해안로 282 ,21.12,-,커피숍,2020-04-02
휴게음식점,라브뉴,제주특별자치도 제주시 연삼로 352 ,94.04,-,커피숍,2020-04-02
휴게음식점,카페티엔,제주특별자치도 제주시 한림읍 금능남로 127,4,-,커피숍,2020-04-02
휴게음식점,비바리,제주특별자치도 제주시 선덕로 36 ,61.6,-,커피숍,2020-04-02
휴게음식점,배스킨라빈스제주법원점,제주특별자치도 제주시 중앙로 325-1 ,88.65,-,기타 휴게음식점,2020-04-02
휴게음식점,이고,제주특별자치도 제주시 노연로 70 ,182.48,-,커피숍,2020-04-02
휴게음식점,지에스이십오아라금천점,제주특별자치도 제주시 아봉로 83 ,3.3,-,편의점,2020-04-02
휴게음식점,미스김라일락,제주특별자치도 제주시 1100로 3164 ,15.5,-,커피숍,2020-04-02
휴게음식점,청춘다락,제주특별자치도 제주시 애월읍 일주서로 6755,54.05,-,커피숍,2020-04-02
휴게음식점,커피비터스윗,제주특별자치도 제주시 선덕로3길 32,59.4,-,커피숍,2020-04-02
휴게음식점,슬로우벗커피로스터스,제주특별자치도 제주시 흥운길 77-1,70,-,커피숍,2020-04-02
휴게음식점,리치망고애월점,제주특별자치도 제주시 애월읍 애월해안로 272,39,-,커피숍,2020-04-02
휴게음식점,죽이야기에스중앙병원점,제주특별자치도 제주시 월랑로 91 ,181.5,-,일반조리판매,2020-04-02
휴게음식점,또바기,제주특별자치도 제주시 구좌읍 동복로 34,105.75,-,커피숍,2020-04-02
휴게음식점,GS제주용화점,제주특별자치도 제주시 용화로 26 ,20,-,편의점,2020-04-02
휴게음식점,군것질,제주특별자치도 제주시 우정로 74-1 ,25.2,-,일반조리판매,2020-04-02
휴게음식점,라뮤즈,제주특별자치도 제주시 제주대학로 102 ,147.24,-,커피숍,2020-04-02
휴게음식점,오봉도시락도남성환상가점,제주특별자치도 제주시 신성로 91,27.06,-,일반조리판매,2020-04-02
휴게음식점,스마일러,제주특별자치도 제주시 애월읍 상고길 47,117.1,-,커피숍,2020-04-02
휴게음식점,와플킹,제주특별자치도 제주시 노형로 407,33,-,기타 휴게음식점,2020-04-02
휴게음식점,바당국수,제주특별자치도 제주시 구좌읍 해맞이해안로 804,68.6,-,편의점,2020-04-02
휴게음식점,씨유도남오거리점,제주특별자치도 제주시 도남로 37 ,9.9,-,편의점,2020-04-02
휴게음식점,카페베네제주아라점,제주특별자치도 제주시 인다10길 30 ,118.97,-,커피숍,2020-04-02
휴게음식점,공차제주시청점,제주특별자치도 제주시 신성로13길 25 ,73.11,-,커피숍,2020-04-02
휴게음식점,파파사이트,제주특별자치도 제주시 한림읍 용금로 889,76.76,-,커피숍,2020-04-02
휴게음식점,콩쥐살쥐,제주특별자치도 제주시 애월읍 수산서6길 9-3,58.5,-,커피숍,2020-04-02
휴게음식점,엔제리너스제주노형점,제주특별자치도 제주시 고사마루길 2 ,507.94,-,커피숍,2020-04-02
휴게음식점,파스쿠찌애월해안로점,제주특별자치도 제주시 애월읍 애월해안로 560,147,-,커피숍,2020-04-02
휴게음식점,씨유중앙여고후문점,제주특별자치도 제주시 남광로4길 29 ,9.9,-,편의점,2020-04-02
휴게음식점,봉자싸롱,제주특별자치도 제주시 번영로 514,26.16,-,커피숍,2020-04-02
휴게음식점,작은소공원,제주특별자치도 제주시 조천읍 남조로 2113,79.44,-,기타 휴게음식점,2020-04-02
휴게음식점,마교동사리방,제주특별자치도 제주시 탑동로 38,76,-,기타 휴게음식점,2020-04-02
휴게음식점,미스터브리즈커피제주칠성로점,제주특별자치도 제주시 칠성로길 8-1,59.71,-,커피숍,2020-04-02
휴게음식점,망고식스제주프시케월드점,제주특별자치도 제주시 애월읍 평화로 2157,56,-,커피숍,2020-04-02
휴게음식점,941헤르쯔,제주특별자치도 제주시 원노형로 37,193.28,-,커피숍,2020-04-02
휴게음식점,더앨리,제주특별자치도 제주시 애월읍 애월해안로 728,99.55,-,커피숍,2020-04-02
휴게음식점,탐앤탐스제주삼화지구점,제주특별자치도 제주시 건주로4길 6-4,168.48,-,커피숍,2020-04-02
휴게음식점,씨유제주동부관광점,제주특별자치도 제주시 조천읍 일주동로 952-3,6.6,-,편의점,2020-04-02
휴게음식점,미스틱3도,제주특별자치도 제주시 1100로 2894-49,206.49,-,커피숍,2020-04-02
휴게음식점,여우별,제주특별자치도 제주시 서사로 127,67.16,-,커피숍,2020-04-02
휴게음식점,컴플리트,제주특별자치도 제주시 국기로4길 1,76.3,-,커피숍,2020-04-02
휴게음식점,카페클라츠,제주특별자치도 제주시 남광로2길 17-3 ,85.14,-,커피숍,2020-04-02
휴게음식점,지에스제주노형정원점,제주특별자치도 제주시 노형4길 17 ,6.6,-,편의점,2020-04-02
휴게음식점,그러므로,제주특별자치도 제주시 구남동6길 45,38.2,-,커피숍,2020-04-02
휴게음식점,은이네분식,제주특별자치도 제주시 동문로14길 3,38.55,-,일반조리판매,2020-04-02
휴게음식점,인다김밥,제주특별자치도 제주시 인다1길 20,46.7,-,일반조리판매,2020-04-02
휴게음식점,GS25삼양해변점,제주특별자치도 제주시 선사로8길 16,10,-,편의점,2020-04-02
휴게음식점,팩토리소란,제주특별자치도 제주시 한북로 337-5,123.53,-,커피숍,2020-04-02
휴게음식점,레몬칸타타,제주특별자치도 제주시 구남동4길 47 ,79,-,커피숍,2020-04-02
휴게음식점,칼디,제주특별자치도 제주시 아란7길 47,68.1,-,커피숍,2020-04-02
휴게음식점,카페베네이도일동점,제주특별자치도 제주시 고전길 5,232.22,-,커피숍,2020-04-02
휴게음식점,달비치,제주특별자치도 제주시 구좌읍 해맞이해안로 474,96.75,-,커피숍,2020-04-02
휴게음식점,퐁당,제주특별자치도 제주시 우도면 우도해안길 340,54.28,-,커피숍,2020-04-02
휴게음식점,루가,제주특별자치도 제주시 문송길 33,38.19,-,커피숍,2020-04-02
휴게음식점,프시케분식,제주특별자치도 제주시 애월읍 평화로 2157,56,-,일반조리판매,2020-04-02
휴게음식점,하이안나,제주특별자치도 제주시 조천읍 중산간동로 896-1,129.94,-,일반조리판매,2020-04-02
휴게음식점,다다,제주특별자치도 제주시 신설로6길 2-3,76,-,커피숍,2020-04-02
휴게음식점,수상한책벌레들,제주특별자치도 제주시 인다3길 15,95.16,-,기타 휴게음식점,2020-04-02
휴게음식점,카페나인,제주특별자치도 제주시 애월읍 하광로 518,45.49,-,커피숍,2020-04-02
휴게음식점,제주설심당,제주특별자치도 제주시 서해안로 504,166,-,커피숍,2020-04-02
휴게음식점,설레임,제주특별자치도 제주시 과원북2길 52,45.1,-,커피숍,2020-04-02
휴게음식점,노블레스호텔,제주특별자치도 제주시 연동8길 31,42,-,커피숍,2020-04-02
휴게음식점,투썸플레이스오라점,제주특별자치도 제주시 연삼로 259,146.7,-,커피숍,2020-04-02
휴게음식점,원스포츠,제주특별자치도 제주시 오라로 134 ,5,-,커피숍,2020-04-02
휴게음식점,아시,제주특별자치도 제주시 한경면 저지12길 62-3,42.92,-,커피숍,2020-04-02
휴게음식점,그디글라,제주특별자치도 제주시 애월읍 광령4길 10-6,154.95,-,커피숍,2020-04-02
휴게음식점,알마커피제작소,제주특별자치도 제주시 조천읍 북촌11길 23,163.53,-,커피숍,2020-04-02
휴게음식점,이삭토스트제주노형점,제주특별자치도 제주시 노연로 43,40.32,-,패스트푸드,2020-04-02
휴게음식점,감비나무,제주특별자치도 제주시 구좌읍 일주동로 2970,58.01,-,커피숍,2020-04-02
휴게음식점,카페노아,제주특별자치도 제주시 서흘1길 24,82.6,-,커피숍,2020-04-02
휴게음식점,소,제주특별자치도 제주시 우도면 우도봉길 47,75.24,-,기타 휴게음식점,2020-04-02
휴게음식점,두가시앤오가니끄,제주특별자치도 제주시 신설로7길 4,52.89,-,커피숍,2020-04-02
휴게음식점,씨유제주보로미마을점,제주특별자치도 제주시 애월읍 고성서3길 15-5,4.9,-,편의점,2020-04-02
휴게음식점,다보분식,제주특별자치도 제주시 남녕로 11,40,-,일반조리판매,2020-04-02
휴게음식점,해오름왕만두,제주특별자치도 제주시 동문로 53,23.1,-,일반조리판매,2020-04-02
휴게음식점,바람벽에흰당나귀,제주특별자치도 제주시 구좌읍 동복로 11,240,-,커피숍,2020-04-02
휴게음식점,씨유제주신촌점,제주특별자치도 제주시 조천읍 신촌3길 1,6.6,-,편의점,2020-04-02
휴게음식점,롯데리아제주항디티점,제주특별자치도 제주시 임항로 94,276.09,-,패스트푸드,2020-04-02
휴게음식점,웰컴,제주특별자치도 제주시 조천읍 북촌9길 7,24.57,-,일반조리판매,2020-04-02
휴게음식점,유스커피,제주특별자치도 제주시 구산로 54,44.96,-,커피숍,2020-04-02
휴게음식점,이공구삼하우스,제주특별자치도 제주시 조천읍 남조로 2093,77,-,커피숍,2020-04-02
휴게음식점,롯데리아제주아라점,제주특별자치도 제주시 인다9길 4,169.97,-,패스트푸드,2020-04-02
휴게음식점,참좋은해물라면,제주특별자치도 제주시 애월읍 구엄4길 44-5,49.5,-,일반조리판매,2020-04-02
휴게음식점,카페베네제주일도점,제주특별자치도 제주시 고마로 99,48,-,커피숍,2020-04-02
휴게음식점,미쓰수제고로케신라면세점점,제주특별자치도 제주시 신광로8길 3,26.44,-,패스트푸드,2020-04-02
휴게음식점,파스쿠찌제주제원점,제주특별자치도 제주시 연동7길 26,222.64,-,커피숍,2020-04-02
휴게음식점,아르브르카페,제주특별자치도 제주시 중앙로7길 16,17.12,-,커피숍,2020-04-02
휴게음식점,늘좋은날,제주특별자치도 제주시 박성내서길 2-5,21.72,-,전통찻집,2020-04-02
휴게음식점,피자알볼로노형점,제주특별자치도 제주시 노형6길 9,103.94,-,패스트푸드,2020-04-02
휴게음식점,아라캐슬웨딩홀구내,제주특별자치도 제주시 중앙로 504,273.9,-,커피숍,2020-04-02
휴게음식점,춤추는왕만두외도점,제주특별자치도 제주시 우정로 56,28.06,-,패스트푸드,2020-04-02
휴게음식점,지에스25연동시티점,제주특별자치도 제주시 성신로1길 25,3.3,-,편의점,2020-04-02
휴게음식점,망고식스신제주점,제주특별자치도 제주시 연동7길 20,159.73,-,커피숍,2020-04-02
휴게음식점,모나미카페(monami cafe),제주특별자치도 제주시 원노형남1길 25,61.95,-,커피숍,2020-04-02
휴게음식점,카페힐섬2020,제주특별자치도 제주시 조천읍 조천북6길 58,82.88,-,커피숍,2020-04-02
휴게음식점,놀멍뛰멍,제주특별자치도 제주시 한림읍 한림상로 196,18,-,일반조리판매,2020-04-02
휴게음식점,커피정원,제주특별자치도 제주시 조천읍 와선로 83,59.4,-,커피숍,2020-04-02
휴게음식점,(주)아워홈제주지방합동청사제주점,제주특별자치도 제주시 청사로 59,45,-,커피숍,2020-04-02
휴게음식점,씨유제주고산점,제주특별자치도 제주시 한경면 용고로 86,3.3,-,편의점,2020-04-02
휴게음식점,귤하르방,제주특별자치도 제주시 동문로4길 18,20.4,-,패스트푸드,2020-04-02
휴게음식점,꾸까,제주특별자치도 제주시 사라봉7길 30,58.78,-,커피숍,2020-04-02
휴게음식점,종달길분식,제주특별자치도 제주시 구좌읍 종달논길 56,9.8,-,일반조리판매,2020-04-02
휴게음식점,엔제리너스제주애월점,제주특별자치도 제주시 애월읍 애월해안로 284,325.48,-,커피숍,2020-04-02
휴게음식점,과일아삭아라점,제주특별자치도 제주시 아란7길 10-1,74.61,-,커피숍,2020-04-02
휴게음식점,사우다드,제주특별자치도 제주시 한경면 노을해안로 1143,7.3,-,커피숍,2020-04-02
휴게음식점,파스쿠찌종합청사점,제주특별자치도 제주시 청사로 44,142.66,-,커피숍,2020-04-02
휴게음식점,하늘샐리,제주특별자치도 제주시 신설로9길 25,19.76,-,커피숍,2020-04-02
휴게음식점,코코라떼,제주특별자치도 제주시 고마로19길 12,39.6,-,커피숍,2020-04-02
휴게음식점,엔제리너스한라수목원점,제주특별자치도 제주시 수목원길 65-6,179.82,-,커피숍,2020-04-02
휴게음식점,우도바라기,제주특별자치도 제주시 우도면 우도해안길 302,28,-,커피숍,2020-04-02
휴게음식점,요망진점빵,제주특별자치도 제주시 애월읍 애월해안로 722,44.68,-,일반조리판매,2020-04-02
휴게음식점,친절한비자씨,제주특별자치도 제주시 구좌읍 비자숲길 58,51.34,-,커피숍,2020-04-02
휴게음식점,유노크레페,제주특별자치도 제주시 한라대학로 86,26.36,-,기타 휴게음식점,2020-04-02
휴게음식점,지에스25제주그랜드점,제주특별자치도 제주시 연동4길 28,3.3,-,편의점,2020-04-02
휴게음식점,새손,제주특별자치도 제주시 광양7길 7,9.45,-,커피숍,2020-04-02
휴게음식점,미호채김밥,제주특별자치도 제주시 다랑곶4길 33,29,-,일반조리판매,2020-04-02
휴게음식점,리치망고신제주점,제주특별자치도 제주시 국기로 14,29.04,-,커피숍,2020-04-02
휴게음식점,솔트리북카페,제주특별자치도 제주시 구좌읍 번영로 2063,402.66,-,커피숍,2020-04-02
휴게음식점,제주중앙여고점빽다방,제주특별자치도 제주시 남광로2길 43-13,59.43,-,기타 휴게음식점,2020-04-02
휴게음식점,스톤브로스,제주특별자치도 제주시 중앙로 504,152.9,-,커피숍,2020-04-02
휴게음식점,몽땅,제주특별자치도 제주시 한경면 연명로 385,133,-,커피숍,2020-04-02
휴게음식점,리치망고하도리점,제주특별자치도 제주시 구좌읍 해맞이해안로 1752,33.2,-,커피숍,2020-04-02
휴게음식점,내가여기서이걸할줄몰랐다,제주특별자치도 제주시 한경면 한경해안로 565,26.68,-,커피숍,2020-04-02
휴게음식점,포인트,제주특별자치도 제주시 동고산로 5,24.62,-,기타 휴게음식점,2020-04-02
휴게음식점,첫눈에반한크레페,제주특별자치도 제주시 중앙로 228,15.2,-,기타 휴게음식점,2020-04-02
휴게음식점,고스란히,제주특별자치도 제주시 구남로6길 22,43,-,커피숍,2020-04-02
휴게음식점,드루와,제주특별자치도 제주시 중앙로 68,3.3,-,기타 휴게음식점,2020-04-02
휴게음식점,씨유제주일도점,제주특별자치도 제주시 연수로3길 5,6.6,-,편의점,2020-04-02
휴게음식점,알,제주특별자치도 제주시 서광로14길 5,91.7,-,커피숍,2020-04-02
휴게음식점,커피아리움,제주특별자치도 제주시 수덕3길 7,65.67,-,커피숍,2020-04-02
휴게음식점,럭키분식,제주특별자치도 제주시 오현길 79,31.27,-,일반조리판매,2020-04-02
휴게음식점,제닉스아레나PC방구내,제주특별자치도 제주시 중앙로 236,3.3,-,기타 휴게음식점,2020-04-02
휴게음식점,33분식다방,제주특별자치도 제주시 인다10길 36,54.51,-,일반조리판매,2020-04-02
휴게음식점,제주스,제주특별자치도 제주시 동문로 4,17.96,-,커피숍,2020-04-02
휴게음식점,마시클,제주특별자치도 제주시 원노형6길 31-4,22.23,-,커피숍,2020-04-02
휴게음식점,슈가링스제주점,제주특별자치도 제주시 일주서로 7719,82.17,-,커피숍,2020-04-02
휴게음식점,스위트몬스터제주이도점,제주특별자치도 제주시 승천로 71,23.4,-,패스트푸드,2020-04-02
휴게음식점,제주김만복동문시장점,제주특별자치도 제주시 북성로 65,40,-,일반조리판매,2020-04-02
휴게음식점,모니카디저트,제주특별자치도 제주시 노형1길 33,40.3,-,커피숍,2020-04-02
휴게음식점,플레이스꽃섬,제주특별자치도 제주시 노형동 571번지,289.95,-,커피숍,2020-04-02
휴게음식점,커피블라썸,제주특별자치도 제주시 오복4길 4,84.2,-,커피숍,2020-04-02
휴게음식점,지에스25제주일고점,제주특별자치도 제주시 진군1길 13,6.6,-,편의점,2020-04-02
휴게음식점,제주문,제주특별자치도 제주시 동문로 4,22.38,-,일반조리판매,2020-04-02
휴게음식점,퐁낭인다락,제주특별자치도 제주시 태성중1길 13-4,48.6,-,커피숍,2020-04-02
휴게음식점,수정과차,제주특별자치도 제주시 구좌읍 행원로 107-6,33.06,-,커피숍,2020-04-02
휴게음식점,아따블르,제주특별자치도 제주시 조천읍 북촌11길 15-16,19.83,-,일반조리판매,2020-04-02
휴게음식점,이성필커피,제주특별자치도 제주시 광양8길 1,87.23,-,커피숍,2020-04-02
휴게음식점,밥사랑,제주특별자치도 제주시 연삼로 473,160.75,-,일반조리판매,2020-04-02
휴게음식점,카페렌,제주특별자치도 제주시 사라봉길 26,37.41,-,커피숍,2020-04-02
휴게음식점,할로비치,제주특별자치도 제주시 한경면 녹차분재로 354,111.84,-,일반조리판매,2020-04-02
휴게음식점,문화카페별차롱,제주특별자치도 제주시 한림읍 금능길 39,49.5,-,커피숍,2020-04-02
휴게음식점,승하네밥상,제주특별자치도 제주시 한림읍 중산간서로 4960,55.5,-,일반조리판매,2020-04-02
휴게음식점,제주한치빵우도점,제주특별자치도 제주시 우도면 우도해안길 802,7.82,-,기타 휴게음식점,2020-04-02
휴게음식점,카페헤밍웨이,제주특별자치도 제주시 한림읍 한림로 431,100.69,-,커피숍,2020-04-02
휴게음식점,빽다방제주대학로점,제주특별자치도 제주시 광양8길 12-1,43.68,-,커피숍,2020-04-02
휴게음식점,가는길에,제주특별자치도 제주시 동문로4길 14,33,-,아이스크림,2020-04-02
휴게음식점,재게재게옵서카페,제주특별자치도 제주시 한림읍 비양도길 32-3,22.04,-,커피숍,2020-04-02
휴게음식점,한일농수산구내,제주특별자치도 제주시 동문로4길 14-1,3.3,-,기타 휴게음식점,2020-04-02
휴게음식점,지에스25제대생활관,제주특별자치도 제주시 제주대학로 103-1,9.9,-,편의점,2020-04-02
휴게음식점,씨유제주삼성점,제주특별자치도 제주시 중앙로 185,5,-,편의점,2020-04-02
휴게음식점,씨유제주오라점,제주특별자치도 제주시 연사길 60,3.3,-,편의점,2020-04-02
휴게음식점,코어키에,제주특별자치도 제주시 아란4길 85-5,19.8,-,기타 휴게음식점,2020-04-02
휴게음식점,개좋아,제주특별자치도 제주시 1100로 3213-8,291.98,-,편의점,2020-04-02
휴게음식점,탐라도서관점빽다방,제주특별자치도 제주시 노형6길 27,68.31,-,커피숍,2020-04-02
휴게음식점,리치망고도두해안로점,제주특별자치도 제주시 서해안로 191,166.88,-,커피숍,2020-04-02
휴게음식점,제주삼화부영점빽다방,제주특별자치도 제주시 화삼북로 135,65.55,-,커피숍,2020-04-02
휴게음식점,지에스25동광로점,제주특별자치도 제주시 동광로 12,3.3,-,편의점,2020-04-02
휴게음식점,맛있는간식,제주특별자치도 제주시 노연로 61,42.25,-,일반조리판매,2020-04-02
휴게음식점,커피방아,제주특별자치도 제주시 서문로 70,13,-,커피숍,2020-04-02
휴게음식점,아일렛,제주특별자치도 제주시 구남동2길 19-6,74.9,-,커피숍,2020-04-02
휴게음식점,씨유국제대학점,제주특별자치도 제주시 516로 2870,6.6,-,편의점,2020-04-02
휴게음식점,세븐일레븐제주도남대로점,제주특별자치도 제주시 연삼로 317,6.6,-,편의점,2020-04-02
휴게음식점,화목,제주특별자치도 제주시 정존5길 32,22.44,-,일반조리판매,2020-04-02
휴게음식점,세븐일레븐제주법원점,제주특별자치도 제주시 남광북5길 12,6.6,-,편의점,2020-04-02
휴게음식점,세븐일레븐제주노형메르헨점,제주특별자치도 제주시 연북로 45,6.6,-,편의점,2020-04-02
휴게음식점,양떼목장카페,제주특별자치도 제주시 애월읍 도치돌길 289-13,35.84,-,커피숍,2020-04-02
휴게음식점,지에스25노형라자점,제주특별자치도 제주시 월랑로 13,3.3,-,편의점,2020-04-02
휴게음식점,조조,제주특별자치도 제주시 한림읍 옹포2길 8,52.41,-,일반조리판매,2020-04-02
휴게음식점,망고레이,제주특별자치도 제주시 조천읍 조함해안로 504,55.64,-,커피숍,2020-04-02
휴게음식점,세븐일레븐제주인화로점,제주특별자치도 제주시 동광로21길 6,6.6,-,편의점,2020-04-02
휴게음식점,슬기네점빵,제주특별자치도 제주시 신성로13길 17,4,-,기타 휴게음식점,2020-04-02
휴게음식점,국제토산품스낵,제주특별자치도 제주시 임항로 191,36.03,-,일반조리판매,2020-04-02
휴게음식점,코리아세븐제주삼도서광점,제주특별자치도 제주시 홍랑길 7,6.6,-,기타 휴게음식점,2020-04-02
휴게음식점,지에스25첨단점,제주특별자치도 제주시 첨단로 217,3.3,-,기타 휴게음식점,2020-04-02
휴게음식점,씨유제주일주서로점,제주특별자치도 제주시 일주서로 7312,3.3,-,편의점,2020-04-02
휴게음식점,아람수과,제주특별자치도 제주시 동문로 82,17.38,-,일반조리판매,2020-04-02
휴게음식점,디디에스면세점구내,제주특별자치도 제주시 관덕로11길 17,25,-,커피숍,2020-04-02
휴게음식점,강생아내가너를사랑해,제주특별자치도 제주시 우평로 64,46.17,-,커피숍,2020-04-02
휴게음식점,써드페이스,제주특별자치도 제주시 동문로 192,80,-,커피숍,2020-04-02
휴게음식점,씨유제주과원점,제주특별자치도 제주시 과원로 28 ,6.6,-,편의점,2020-04-02
휴게음식점,해피애견카페,제주특별자치도 제주시 오라로1길 20-9,128.19,-,커피숍,2020-04-02
휴게음식점,지에스25삼도관덕점,제주특별자치도 제주시 관덕로2길 15,3.3,-,편의점,2020-04-02
휴게음식점,애월품,제주특별자치도 제주시 애월읍 고내로13길 83,60,-,일반조리판매,2020-04-02
휴게음식점,배스킨라빈스제주한림점,제주특별자치도 제주시 한림읍 한림중앙로 31,96.8,-,아이스크림,2020-04-02
휴게음식점,하귀국수존,제주특별자치도 제주시 애월읍 하귀로 56,48.73,-,일반조리판매,2020-04-02
휴게음식점,세븐일레븐제주도남로점,제주특별자치도 제주시 도남로 3,6.6,-,편의점,2020-04-02
휴게음식점,이웃집마나까페,제주특별자치도 제주시 고마로 127,232.38,-,커피숍,2020-04-02
휴게음식점,정순이네휴게소,제주특별자치도 제주시 조천읍 일주동로 853,33,-,일반조리판매,2020-04-02
휴게음식점,꿈꾸는고양이,제주특별자치도 제주시 애월읍 하가로 15,48,-,커피숍,2020-04-02
휴게음식점,지에스25노형중점,제주특별자치도 제주시 노형5길 42,9.9,-,편의점,2020-04-02
휴게음식점,건달다방,제주특별자치도 제주시 아란13길 32,70.48,-,커피숍,2020-04-02
휴게음식점,요거프레소바오젠점,제주특별자치도 제주시 연동9길 18,61.54,-,커피숍,2020-04-02
휴게음식점,카페몽,제주특별자치도 제주시 인다1길 47,117.41,-,커피숍,2020-04-02
휴게음식점,풍림다방,제주특별자치도 제주시 구좌읍 중산간동로 2254,45.12,-,커피숍,2020-04-02
휴게음식점,어느멋진날,제주특별자치도 제주시 조천읍 신북로 215,49.59,-,커피숍,2020-04-02
휴게음식점,모란이피기까지,제주특별자치도 제주시 구좌읍 상하도길 60,47.28,-,커피숍,2020-04-02
휴게음식점,지에스25휴팰리스점,제주특별자치도 제주시 구남동2길 59,6.6,-,편의점,2020-04-02
휴게음식점,지에스25탐라도서관점,제주특별자치도 제주시 노형1길 43,9.9,-,편의점,2020-04-02
휴게음식점,지에스25노형월광점,제주특별자치도 제주시 월광로 25,10.75,-,편의점,2020-04-02
휴게음식점,엔제리너스제주공항2호점,제주특별자치도 제주시 공항로 2,89,-,커피숍,2020-04-02
휴게음식점,씨유제주봉개점,제주특별자치도 제주시 번영로 468,6.6,-,편의점,2020-04-02
휴게음식점,비어라운드,제주특별자치도 제주시 구좌읍 하도9길 72,198,-,커피숍,2020-04-02
휴게음식점,지에스25외도중앙점,제주특별자치도 제주시 우정로8길 20,10,-,편의점,2020-04-02
휴게음식점,맘스터치아라점,제주특별자치도 제주시 아란7길 4,76.08,-,일반조리판매,2020-04-02
휴게음식점,써브웨이신제주연동신시가지점,제주특별자치도 제주시 국기로1길 2,47.96,-,패스트푸드,2020-04-02
휴게음식점,서제니의시간,제주특별자치도 제주시 애월읍 하귀9길 71,22,-,커피숍,2020-04-02
휴게음식점,지에스25제주광양점,제주특별자치도 제주시 광양10길 2,6.6,-,편의점,2020-04-02
휴게음식점,지에스25함덕골든튤립점,제주특별자치도 제주시 조천읍 조함해안로 504,6.6,-,편의점,2020-04-02
휴게음식점,모네의숲,제주특별자치도 제주시 한림읍 저지14길 16-10,41.22,-,커피숍,2020-04-02
휴게음식점,지에스25월정해변점,제주특별자치도 제주시 구좌읍 월정7길 52-1,6.6,-,편의점,2020-04-02
휴게음식점,씨유제주구남중앙점,제주특별자치도 제주시 구남동2길 27,6.6,-,편의점,2020-04-02
휴게음식점,웰빙대게고로케동문점,제주특별자치도 제주시 동문로4길 21,9.9,-,패스트푸드,2020-04-02
휴게음식점,어피니티,제주특별자치도 제주시 남성로 78,76.13,-,커피숍,2020-04-02
휴게음식점,한입김밥,제주특별자치도 제주시 한림읍 한림중앙로 56,46,-,일반조리판매,2020-04-02
휴게음식점,아장아장,제주특별자치도 제주시 우정로 34,82.5,-,키즈카페,2020-04-02
휴게음식점,씨유케이티점,제주특별자치도 제주시 전농로 115,6.6,-,편의점,2020-04-02
휴게음식점,씨유제주애월한담점,제주특별자치도 제주시 애월읍 애월로 37,6.6,-,편의점,2020-04-02
휴게음식점,더리터,제주특별자치도 제주시 삼성로 71,26.61,-,커피숍,2020-04-02
휴게음식점,빽다방제주제원점,제주특별자치도 제주시 신광로 56,49.5,-,커피숍,2020-04-02
휴게음식점,배스킨라빈스외도점,제주특별자치도 제주시 우정로15길 1,84.4,-,아이스크림,2020-04-02
휴게음식점,예랑커피하우스,제주특별자치도 제주시 조천읍 신북로 322,40.5,-,커피숍,2020-04-02
휴게음식점,펭귄부인,제주특별자치도 제주시 구남동4길 10-12,33,-,커피숍,2020-04-02
휴게음식점,지에스25도남점,제주특별자치도 제주시 도남로17길 3,6.6,-,편의점,2020-04-02
휴게음식점,에프터글로우,제주특별자치도 제주시 간월동로 67-3,121.17,-,커피숍,2020-04-02
휴게음식점,무지개,제주특별자치도 제주시 선덕로 17,35.55,-,일반조리판매,2020-04-02
휴게음식점,요거프레소제주외도점,제주특별자치도 제주시 우정로 50,62.33,-,커피숍,2020-04-02
휴게음식점,망고홀릭애월해안도로점,제주특별자치도 제주시 애월읍 애월해안로 298,155.25,-,커피숍,2020-04-02
휴게음식점,오빠커피,제주특별자치도 제주시 일주동로 254,32.2,-,커피숍,2020-04-02
휴게음식점,대수길다방,제주특별자치도 제주시 구좌읍 해맞이해안로 1202,94.08,-,기타 휴게음식점,2020-04-02
휴게음식점,탐앤탐스아라점,제주특별자치도 제주시 중앙로 492,392.36,-,커피숍,2020-04-02
휴게음식점,픽스커피,제주특별자치도 제주시 신설로11길 2,67,-,커피숍,2020-04-02
휴게음식점,맘스터치외도점,제주특별자치도 제주시 우령2길 40,85,-,일반조리판매,2020-04-02
휴게음식점,온,제주특별자치도 제주시 동문로6길 9,88.03,-,커피숍,2020-04-02
휴게음식점,한경농협하나로마트내분식,제주특별자치도 제주시 한경면 신한로 76,15.6,-,일반조리판매,2020-04-02
휴게음식점,더맛있는족발제주점,제주특별자치도 제주시 연북로 1,23.1,-,일반조리판매,2020-04-02
휴게음식점,양군의케익한접시,제주특별자치도 제주시 구좌읍 구좌로 24,23.22,-,커피숍,2020-04-02
휴게음식점,코코망가스,제주특별자치도 제주시 애월읍 광령평화7길 24,91,-,커피숍,2020-04-02
휴게음식점,종가전복,제주특별자치도 제주시 구좌읍 해맞이해안로 1306,86.55,-,일반조리판매,2020-04-02
휴게음식점,제주와함께라면,제주특별자치도 제주시 애월읍 애월해안로 666,77.77,-,일반조리판매,2020-04-02
휴게음식점,망고레이동문시장점,제주특별자치도 제주시 동문로4길 7-1,32.4,-,커피숍,2020-04-02
휴게음식점,제주씨,제주특별자치도 제주시 애월읍 애월해안로 666,50.34,-,커피숍,2020-04-02
휴게음식점,유미푸드,제주특별자치도 제주시 우정로15길 1,42,-,일반조리판매,2020-04-02
휴게음식점,지에스25함덕코업시티점,제주특별자치도 제주시 조천읍 조함해안로 474,6.6,-,편의점,2020-04-02
휴게음식점,가시버시휴게소,제주특별자치도 제주시 중앙로 662,31.4,-,일반조리판매,2020-04-02
휴게음식점,진가커피,제주특별자치도 제주시 제원1길 32,39.9,-,커피숍,2020-04-02
휴게음식점,수상한언니들,제주특별자치도 제주시 진남로6길 20,22.26,-,커피숍,2020-04-02
휴게음식점,세븐일레븐제주노형백두점,제주특별자치도 제주시 원노형로 26,6.6,-,커피숍,2020-04-02
휴게음식점,자연식,제주특별자치도 제주시 1100로 3154,159.28,-,전통찻집,2020-04-02
휴게음식점,지에스25제주교래점,제주특별자치도 제주시 조천읍 비자림로 658,6.6,-,편의점,2020-04-02
휴게음식점,협재만덕,제주특별자치도 제주시 한림읍 한림로 301-7,95.7,-,일반조리판매,2020-04-02
휴게음식점,우도왕자이야기,제주특별자치도 제주시 우도면 우도해안길 1122,84.15,-,아이스크림,2020-04-02
휴게음식점,신,제주특별자치도 제주시 신대로12길 51,14.85,-,커피숍,2020-04-02
휴게음식점,세븐일레븐제주한림읍사무소점,제주특별자치도 제주시 한림읍 한림상로 146,6.6,-,편의점,2020-04-02
휴게음식점,피자알볼로화북점,제주특별자치도 제주시 일주동로 180,99,-,일반조리판매,2020-04-02
휴게음식점,마이레이나,제주특별자치도 제주시 신형로 14,40.87,-,커피숍,2020-04-02
휴게음식점,삼양돈까스,제주특별자치도 제주시 선사로6길 10,35.88,-,커피숍,2020-04-02
휴게음식점,카페더문,제주특별자치도 제주시 도근내길 57-15,158.43,-,커피숍,2020-04-02
휴게음식점,비양정거장,제주특별자치도 제주시 우도면 우도해안길 918,75.46,-,일반조리판매,2020-04-02
휴게음식점,담소,제주특별자치도 제주시 연동8길 29,23.86,-,커피숍,2020-04-02
휴게음식점,하도리안,제주특별자치도 제주시 구좌읍 해맞이해안로 1788,46.7,-,커피숍,2020-04-02
휴게음식점,씨유제주정실점,제주특별자치도 제주시 아연로 171,6.6,-,편의점,2020-04-02
휴게음식점,티움,제주특별자치도 제주시 동광로3길 2,131.69,-,커피숍,2020-04-02
휴게음식점,달리북카페,제주특별자치도 제주시 한림읍 월계로 18,99,-,커피숍,2020-04-02
휴게음식점,동감,제주특별자치도 제주시 진군길 38,98.56,-,커피숍,2020-04-02
휴게음식점,파구스소소,제주특별자치도 제주시 한경면 칠전로 153,27,-,커피숍,2020-04-02
휴게음식점,잼잼팩토리,제주특별자치도 제주시 조천읍 함와로 566-27,31.53,-,커피숍,2020-04-02
휴게음식점,바람의향기가전해주는하루는,제주특별자치도 제주시 동문로8길 11-5,34.09,-,커피숍,2020-04-02
휴게음식점,커피동굴,제주특별자치도 제주시 사라봉길 5,45.81,-,커피숍,2020-04-02
휴게음식점,아쏘디쏭,제주특별자치도 제주시 도리로 50-1,18,-,커피숍,2020-04-02
휴게음식점,지에스25건입현대점,제주특별자치도 제주시 만덕로3길 19,6.6,-,편의점,2020-04-02
휴게음식점,지에스25이도월드컵점,제주특별자치도 제주시 서광로29길 21,6.6,-,기타 휴게음식점,2020-04-02
휴게음식점,바라나시책골목,제주특별자치도 제주시 동한두기길 35-2,80.69,-,커피숍,2020-04-02
휴게음식점,사랑을굽는집더토스트,제주특별자치도 제주시 노형로 375,19.8,-,일반조리판매,2020-04-02
휴게음식점,씨유제주노형행운점,제주특별자치도 제주시 수덕7길 14,6.6,-,편의점,2020-04-02
휴게음식점,지에스25제주반딧불점,제주특별자치도 제주시 한경면 녹차분재로 506,6.6,-,편의점,2020-04-02
휴게음식점,낭,제주특별자치도 제주시 우령2길 52,72.6,-,커피숍,2020-04-02
휴게음식점,센추리커피숍,제주특별자치도 제주시 애월읍 일주서로 7113,131.04,-,일반조리판매,2020-04-02
휴게음식점,솔트힐링스파연대점구내,제주특별자치도 제주시 연대마을길 33,40.95,-,일반조리판매,2020-04-02
휴게음식점,커피베리커피,제주특별자치도 제주시 동광로8길 5,61.3,-,커피숍,2020-04-02
휴게음식점,라면연구소,제주특별자치도 제주시 노형7길 9-5,38.18,-,일반조리판매,2020-04-02
휴게음식점,리치망고협재점,제주특별자치도 제주시 한림읍 한림로 482,74.8,-,기타 휴게음식점,2020-04-02
휴게음식점,소월,제주특별자치도 제주시 애월읍 애월해안로 274,33.3,-,커피숍,2020-04-02
휴게음식점,로봇까페,제주특별자치도 제주시 구좌읍 해맞이해안로 1032,226.93,-,커피숍,2020-04-02
휴게음식점,용가리하우스,제주특별자치도 제주시 구남동5길 16,27,-,일반조리판매,2020-04-02
휴게음식점,감성커피삼화점,제주특별자치도 제주시 지석13길 2-2,72.92,-,커피숍,2020-04-02
휴게음식점,정봉자커피함덕점,제주특별자치도 제주시 조천읍 신북로 536-1,54.7,-,커피숍,2020-04-02
휴게음식점,지에스25아란점,제주특별자치도 제주시 아란2길 31,6.6,-,기타 휴게음식점,2020-04-02
휴게음식점,홍요깃거리세화점,제주특별자치도 제주시 구좌읍 구좌로 91,42.56,-,커피숍,2020-04-02
휴게음식점,인화닭집,제주특별자치도 제주시 고마로9길 14,6.6,-,일반조리판매,2020-04-02
휴게음식점,지에스25아라중앙점,제주특별자치도 제주시 아란2길 79,6.6,-,편의점,2020-04-02
휴게음식점,카페아리,제주특별자치도 제주시 조천읍 선교로 546,94.5,-,커피숍,2020-04-02
휴게음식점,에스프레소라운지,제주특별자치도 제주시 한라대학로 1,743,-,커피숍,2020-04-02
휴게음식점,투썸플레이스제주루마인점,제주특별자치도 제주시 구좌읍 해맞이해안로 2498,156.03,-,커피숍,2020-04-02
휴게음식점,서희원꼬치닷컴제주월랑점,제주특별자치도 제주시 월랑북길 34,77.52,-,기타 휴게음식점,2020-04-02
휴게음식점,새미문화공방,제주특별자치도 제주시 월산남길 100,98.8,-,커피숍,2020-04-02
휴게음식점,제주영롱가,제주특별자치도 제주시 인다15길 16,269.79,-,일반조리판매,2020-04-02
휴게음식점,하늘만큼땅만큼,제주특별자치도 제주시 애월읍 애월해안로 926,52.25,-,커피숍,2020-04-02
휴게음식점,서사로21길,제주특별자치도 제주시 서사로21길 16,16.2,-,커피숍,2020-04-02
휴게음식점,쥬씨삼화점,제주특별자치도 제주시 건주로4길 34,58.14,-,커피숍,2020-04-02
휴게음식점,오름카페,제주특별자치도 제주시 애월읍 애월해안로 274,220.61,-,커피숍,2020-04-02
휴게음식점,알로하도,제주특별자치도 제주시 구좌읍 하도서문길 39,86.58,-,커피숍,2020-04-02
휴게음식점,쁘랑이,제주특별자치도 제주시 칠성로길 18-2,227.29,-,일반조리판매,2020-04-02
휴게음식점,벨롱벨롱,제주특별자치도 제주시 우정로 91,44.58,-,커피숍,2020-04-02
휴게음식점,이디야제주한림점,제주특별자치도 제주시 한림읍 한림로 711,46.85,-,커피숍,2020-04-02
휴게음식점,프래그란스,제주특별자치도 제주시 애월읍 광령평화9길 5-8,153.76,-,커피숍,2020-04-02
휴게음식점,쉼표휴게편의점,제주특별자치도 제주시 번영로 316,33,-,일반조리판매,2020-04-02
휴게음식점,꽃담다,제주특별자치도 제주시 서광로 261,36.3,-,커피숍,2020-04-02
휴게음식점,커피주의보,제주특별자치도 제주시 남광로 16,104.74,-,커피숍,2020-04-02
휴게음식점,안녕세화씨,제주특별자치도 제주시 구좌읍 세화3길 35,83.43,-,커피숍,2020-04-02
휴게음식점,메종손드물,제주특별자치도 제주시 한경면 일주서로 4459-10,73,-,커피숍,2020-04-02
휴게음식점,엄니스넥바,제주특별자치도 제주시 우령2길 21,10.5,-,일반조리판매,2020-04-02
휴게음식점,이디올래,제주특별자치도 제주시 중앙로 192,97.75,-,커피숍,2020-04-02
휴게음식점,지에스25금악로타리점,제주특별자치도 제주시 한림읍 중산간서로 4287,9.9,-,일반조리판매,2020-04-02
휴게음식점,우도하영,제주특별자치도 제주시 우도면 우도해안길 516,67.82,-,커피숍,2020-04-02
휴게음식점,동문닭강정,제주특별자치도 제주시 동문로4길 19,6,-,기타 휴게음식점,2020-04-02
휴게음식점,유람위드북스,제주특별자치도 제주시 한경면 홍수암로 561,59.4,-,커피숍,2020-04-02
휴게음식점,지에스25제주천수점,제주특별자치도 제주시 동광로 154,6.6,-,편의점,2020-04-02
휴게음식점,에덴휴게마트,제주특별자치도 제주시 조천읍 조천우회로 527,10,-,일반조리판매,2020-04-02
휴게음식점,메종드카페,제주특별자치도 제주시 서광로 242,50.87,-,커피숍,2020-04-02
휴게음식점,배스킨라빈스제주삼화점,제주특별자치도 제주시 건주로 43,68.4,-,아이스크림,2020-04-02
휴게음식점,블리스찬,제주특별자치도 제주시 아연로 112,231.8,-,커피숍,2020-04-02
휴게음식점,세븐일레븐제주본점,제주특별자치도 제주시 연삼로 38,9.9,-,편의점,2020-04-02
휴게음식점,세븐일레븐제주아라점,제주특별자치도 제주시 인다2길 66,6.6,-,기타 휴게음식점,2020-04-02
휴게음식점,세븐일레븐아라염광점,제주특별자치도 제주시 인다15길 3,7,-,편의점,2020-04-02
휴게음식점,세븐일레븐제주송당마을점,제주특별자치도 제주시 구좌읍 중산간동로 2231,6.6,-,편의점,2020-04-02
휴게음식점,세븐일레븐제주그랜드호텔점,제주특별자치도 제주시 연동4길 8,7,-,편의점,2020-04-02
휴게음식점,등머울카페,제주특별자치도 제주시 우도면 안비양길 35,81,-,커피숍,2020-04-02
휴게음식점,지에스25도남청사점,제주특별자치도 제주시 청사로 34,10,-,편의점,2020-04-02
휴게음식점,지에스25크라운점,제주특별자치도 제주시 삼무로3길 26,6.6,-,편의점,2020-04-02
휴게음식점,아날로그감귤밭,제주특별자치도 제주시 해안마을8길 46,65,-,커피숍,2020-04-02
휴게음식점,씨유서해안로점,제주특별자치도 제주시 서해안로 456-2,6.6,-,편의점,2020-04-02
휴게음식점,갤러리앤카페더몹시,제주특별자치도 제주시 월대1길 10,188.17,-,커피숍,2020-04-02
휴게음식점,무늬,제주특별자치도 제주시 구좌읍 월정5길 56,23.49,-,커피숍,2020-04-02
휴게음식점,행복한가게,제주특별자치도 제주시 조천읍 신촌3길 3-2,29.76,-,기타 휴게음식점,2020-04-02
휴게음식점,세븐일레븐화북주공점,제주특별자치도 제주시 동화로1길 9,9.9,-,편의점,2020-04-02
휴게음식점,카페토르토니,제주특별자치도 제주시 아란5길 20,79.89,-,커피숍,2020-04-02
휴게음식점,던킨도너츠제주아라메가박스점,제주특별자치도 제주시 구산로 4,36.43,-,패스트푸드,2020-04-02
휴게음식점,반디앤로제이,제주특별자치도 제주시 조천읍 조함해안로 142-40,53.28,-,커피숍,2020-04-02
휴게음식점,지에스25도남방선문점,제주특별자치도 제주시 복지로 72,6.6,-,편의점,2020-04-02
휴게음식점,카페라,제주특별자치도 제주시 신성로13길 3,57.35,-,커피숍,2020-04-02
휴게음식점,송당나무가드닝센터,제주특별자치도 제주시 구좌읍 송당5길 68-140,116,-,커피숍,2020-04-02
휴게음식점,맷쥬,제주특별자치도 제주시 우도면 우도해안길 782-2,6.61,-,아이스크림,2020-04-02
휴게음식점,앤타르트,제주특별자치도 제주시 조천읍 함덕로 9,34.19,-,커피숍,2020-04-02
휴게음식점,목공카페아름드리,제주특별자치도 제주시 한경면 홍수암로 555,81.14,-,커피숍,2020-04-02
휴게음식점,스타벅스제주애월DT점,제주특별자치도 제주시 애월읍 애월해안로 376,298.33,-,커피숍,2020-04-02
휴게음식점,지에스25세화삼거리점,제주특별자치도 제주시 구좌읍 일주동로 3103,6.6,-,편의점,2020-04-02
휴게음식점,더정글,제주특별자치도 제주시 애월읍 유수암평화길 139,44.16,-,커피숍,2020-04-02
휴게음식점,쑥쑥김밥,제주특별자치도 제주시 구남동2길 51,45,-,일반조리판매,2020-04-02
휴게음식점,세븐일레븐삼양중앙점,제주특별자치도 제주시 설촌로 16-1,6.6,-,편의점,2020-04-02
휴게음식점,사닮과,제주특별자치도 제주시 아란4길 3,78.89,-,커피숍,2020-04-02
휴게음식점,쭈니창고,제주특별자치도 제주시 조천읍 중산간동로 1301,40,-,커피숍,2020-04-02
휴게음식점,온에어pc방제주외도점,제주특별자치도 제주시 우정로 52,12.6,-,기타 휴게음식점,2020-04-02
휴게음식점,온에어PC방한라대점,제주특별자치도 제주시 한라대학로 86,8.4,-,기타 휴게음식점,2020-04-02
휴게음식점,브루어스,제주특별자치도 제주시 신설로 40-2,60.88,-,커피숍,2020-04-02
휴게음식점,뉴트리션앤피트니스,제주특별자치도 제주시 아란10길 32,6.25,-,기타 휴게음식점,2020-04-02
휴게음식점,제주더차가운커피,제주특별자치도 제주시 구좌읍 해맞이해안로 1720,87.23,-,커피숍,2020-04-02
휴게음식점,잔디가미,제주특별자치도 제주시 우도면 우도해안길 912,46.7,-,기타 휴게음식점,2020-04-02
휴게음식점,볼수록제주,제주특별자치도 제주시 애월읍 하소로 154-1,48.51,-,커피숍,2020-04-02
휴게음식점,알리바바디저트카페,제주특별자치도 제주시 동광로9길 19,51.31,-,패스트푸드,2020-04-02
휴게음식점,화북손만두,제주특별자치도 제주시 일주동로 254,25.2,-,일반조리판매,2020-04-02
휴게음식점,원더샌드위치도남점,제주특별자치도 제주시 도남로16길 27,103.64,-,패스트푸드,2020-04-02
휴게음식점,대웅,제주특별자치도 제주시 애월읍 번드르길 27,216.37,-,기타 휴게음식점,2020-04-02
휴게음식점,록주플라워,제주특별자치도 제주시 연신로 70,21.42,-,기타 휴게음식점,2020-04-02
휴게음식점,란타이슈퍼내휴게소,제주특별자치도 제주시 신설동길 52,8.6,-,기타 휴게음식점,2020-04-02
휴게음식점,온에어PC방제주본점,제주특별자치도 제주시 연동1길 3,13.75,-,기타 휴게음식점,2020-04-02
휴게음식점,응까팡,제주특별자치도 제주시 조천읍 함와로 566-29,45.13,-,패스트푸드,2020-04-02
휴게음식점,디저트39연동점,제주특별자치도 제주시 신광로 46,42.32,-,커피숍,2020-04-02
휴게음식점,스위그커피,제주특별자치도 제주시 산천단동3길 31,66,-,커피숍,2020-04-02
휴게음식점,와흘휴게마트,제주특별자치도 제주시 조천읍 중산간동로 406-1,9.9,-,일반조리판매,2020-04-02
휴게음식점,스윗두두,제주특별자치도 제주시 한림읍 한림중앙로 26,26.44,-,일반조리판매,2020-04-02
휴게음식점,못난이찹쌀꽈배기제주노형점,제주특별자치도 제주시 진군1길 7,29.25,-,기타 휴게음식점,2020-04-02
휴게음식점,제주청소년카페그래,제주특별자치도 제주시 한경면 고산로 4,86.6,-,커피숍,2020-04-02
휴게음식점,루바토,제주특별자치도 제주시 구남동2길 25-12,80.69,-,커피숍,2020-04-02
휴게음식점,코시롱,제주특별자치도 제주시 노형1길 12-2,76.98,-,일반조리판매,2020-04-02
휴게음식점,커피욜로,제주특별자치도 제주시 인다13길 39,89.35,-,커피숍,2020-04-02
휴게음식점,마리웨일237제주노형점,제주특별자치도 제주시 1100로 3347,26,-,기타 휴게음식점,2020-04-02
휴게음식점,굿모닝,제주특별자치도 제주시 우도면 우도해안길 922,56.2,-,커피숍,2020-04-02
휴게음식점,일주서로휴게소,제주특별자치도 제주시 일주서로 7705,31.32,-,일반조리판매,2020-04-02
휴게음식점,블랙컨테이너,제주특별자치도 제주시 한림읍 한림로 389,32.31,-,커피숍,2020-04-02
휴게음식점,하우다,제주특별자치도 제주시 조천읍 신북로 205,36.36,-,커피숍,2020-04-02
휴게음식점,더토스트,제주특별자치도 제주시 간월동로 16,69.68,-,패스트푸드,2020-04-02
휴게음식점,달마,제주특별자치도 제주시 구좌읍 비자숲길 21,85,-,커피숍,2020-04-02
휴게음식점,교래옹달샘,제주특별자치도 제주시 조천읍 미래로 582,66.66,-,일반조리판매,2020-04-02
휴게음식점,씨유제주고내올레점,제주특별자치도 제주시 애월읍 애월해안로 246,3.3,-,편의점,2020-04-02
휴게음식점,더그레이스,제주특별자치도 제주시 한림읍 용금로 883-5,54.22,-,커피숍,2020-04-02
휴게음식점,지에스25월산마을점,제주특별자치도 제주시 월산남길 19,6.6,-,편의점,2020-04-02
휴게음식점,아이센PC방제주인제점,제주특별자치도 제주시 고마로 98 ,9,-,기타 휴게음식점,2020-04-02
휴게음식점,우연히도착한그곳,제주특별자치도 제주시 우도면 우도로 6,95.2,-,커피숍,2020-04-02
휴게음식점,플랫172,제주특별자치도 제주시 우평로 172,45,-,커피숍,2020-04-02
휴게음식점,두멩이카페,제주특별자치도 제주시 동문로 62,66.53,-,커피숍,2020-04-02
휴게음식점,평대돈까스,제주특별자치도 제주시 구좌읍 해맞이해안로 1178-1,63,-,일반조리판매,2020-04-02
휴게음식점,시땅,제주특별자치도 제주시 애월읍 고내북동길 47,77.7,-,커피숍,2020-04-02
휴게음식점,컴플렉스,제주특별자치도 제주시 중앙로14길 4,9,-,커피숍,2020-04-02
휴게음식점,(주)쁠랑뜨,제주특별자치도 제주시 1100로 2977-15,113.42,-,커피숍,2020-04-02
휴게음식점,로코로코,제주특별자치도 제주시 우도면 우도해안길 684,85.4,-,커피숍,2020-04-02
휴게음식점,지에스25관광대기숙사점,제주특별자치도 제주시 애월읍 평화로 2715,6.6,-,편의점,2020-04-02
휴게음식점,힐링쉴드제주점,제주특별자치도 제주시 도령로 95,37.82,-,커피숍,2020-04-02
휴게음식점,제주리퍼블릭,제주특별자치도 제주시 구좌읍 월정7길 62-1,92.88,-,커피숍,2020-04-02
휴게음식점,지에스25서부일주로점,제주특별자치도 제주시 애월읍 일주서로 6545,6.6,-,편의점,2020-04-02
휴게음식점,그라찌에생활관점,제주특별자치도 제주시 애월읍 평화로 2715,61.88,-,커피숍,2020-04-02
휴게음식점,지에스25아라타운점,제주특별자치도 제주시 인다8길 8,6.6,-,편의점,2020-04-02
휴게음식점,세븐일레븐제주세화점,제주특별자치도 제주시 구좌읍 세화2길 11,3.3,-,편의점,2020-04-02
휴게음식점,씨유제주일고정문점,제주특별자치도 제주시 진군길 19,3.3,-,편의점,2020-04-02
휴게음식점,지에스25도두해안로점,제주특별자치도 제주시 서해안로 301-1,3.3,-,편의점,2020-04-02
휴게음식점,교래팥이랑카페,제주특별자치도 제주시 조천읍 미래로 589,65.79,-,커피숍,2020-04-02
휴게음식점,오지의마법사,제주특별자치도 제주시 구좌읍 세종로 283,,,,
